,date_created,date_edited,date_moved,description,id_number,status,title,version
note_11.hash_brown,"(2022, 10, 22, 22, 47, 14, 675639)","(2023, 5, 1, 16, 42, 35, 854024)","(2022, 10, 22, 22, 47, 14, 675639)",b'gAAAAABkT8_cOqKzaQWR8jqvPw81VpbhTQ7Ykafh6zfmQ0bv4MS5CqaVj96mIB9NDR3ekpO2kOHINsUD_NKrPqFU6lPnrGrnrA==',11.0,pending_list,b'gAAAAABkT8_cDv1G7W-PzsN8tWhqkICmyMVlcJ7Hm1bhilN9vliJ_xLGEcJTH7yUHoenKOuYkuH5gRYBTV0Ss9So_RXDanWmxgj9RYBit1S4bivt7Iam3XM=',2.0
note_12.hash_brown,"(2022, 10, 22, 22, 47, 14, 676636)","(2022, 10, 23, 21, 29, 22, 696741)","(2022, 10, 22, 22, 47, 14, 676636)",b'gAAAAABkWTngruvg-8Cu0yAnbbQKVPziQZy1nHoqJYV-3qC4DvmNrxuAU-WvQqt7njYSIT2TR_NgUBhqEBH_KaoTwLYMi5-ifk_s7WYhWSw7lxsulWXLf0nVzGU4YCfvI7b0jcKW_MoyzxxmDFrG1vsZwNFnsn-Lgg==',12.0,pending_list,b'gAAAAABkWTngHj1uaAQS-t5EXnEkjddwyaaXwdMl959odPF53MOJKje6Gr8Dgz3xr6ReDK20qwMtShuCbuj9T52vPR7clVlsMg==',2.0
note_13.hash_brown,"(2022, 10, 22, 22, 47, 14, 676636)","(2022, 10, 22, 22, 47, 14, 676636)","(2022, 10, 22, 22, 47, 14, 676636)",b'gAAAAABjVGNwsWHOb4ElNJr6VRdtFm6jEs2efCuKEiJuO-hwltZlkCWw9ig9StJ29j82ztnYdtkysHDCIFfG_T0pJNGuPQXBYxemj0TDjoGd4aCG_eryYEbNu3HKWTwYRdVoJTudtvQZBLvqxMdTzVHSmIGFwb9A3QA_FEyuyxmhNNx-VLaDkKh-aBG1fRhBoCKNwtIlJ1ptJDlfbh-8miDi1nR26osRLAHpnY1_NHzcFbejHR36-hI=',13.0,pending_list,b'gAAAAABjVGNwd7IQMTZhC0TvOg00tKWJVjHnJHl5HXTec5l61jBkGPgCMsZJTiOxvlwmP9wHUoMZNxdakizyV7fcBKDAssswJ4x-ol0NAShTuzp7fDZpVaY=',2.0
note_14.hash_brown,"(2022, 10, 22, 22, 47, 14, 676636)","(2022, 10, 22, 22, 47, 14, 676636)","(2022, 10, 22, 22, 47, 14, 676636)",b'gAAAAABjVGNwCpJUPSEzsy8w_9PjQIxwgunMYR_0dZLbbhhtcy2jfO8pE2Qkia7JYhSpXJYIO97EgG0TEqiszKIIuqwa337BnImePENoMeHwXJT16Mq38pbFgQ4zfr3cBJx_V1RqXlE-ysvr-hhdisBD6K3jZ02p17l8xxtmMioP20cIbo-1ABaRkS19QZr5iMnRsugmvh4Y',14.0,pending_list,b'gAAAAABjVGNwKCD9EdjBSim7PIxXk6RCHvrBu_phA-bN2kafJCb1P7N8-gD0e2nADLq7JwpR941NBl8ddKRVOd3UUPLen5k1-g==',2.0
note_15.hash_brown,"(2022, 10, 22, 22, 47, 14, 676636)","(2022, 10, 22, 22, 47, 14, 676636)","(2022, 10, 22, 22, 47, 14, 676636)",b'gAAAAABjVGNwD-MqJx1ikBK0bCTwrlREUtSNyHvpYcjL14VECDMnRndEyePkrBGu-4k-16gNCv9kwmS1xZiBxDY5oWD6KOzP2eScuoqvHCqmR9aj8sS5-rpYuWMtMsG9xDrI9mQoMubd8nyem64AOgvxuv6M_T4hAzgCafCltPplfPulCEwoRNm8pv6mRnAhq0rrroVDLLq8QayZaGd6yXF4Umbv66G1_yiRWRhTXukDr6UTn-l4lB4bpSReF6Q6JR82lQKd1N4SzjiJPMYspYx5tXluwsOz_vmAwEEPvDC3kCUAhVqJhpc=',15.0,pending_list,b'gAAAAABjVGNwPNEET5ZTNV3nGm6PAZtAtecDck2Jul9_zUeYjVJHmty5oydKlPt9Y3zln02CQP33wQilGyh6NgtwBUuYPqReNcStQOPQM411dB_xJx6fABc=',2.0
note_16.hash_brown,"(2022, 10, 22, 22, 47, 14, 677633)","(2022, 10, 22, 22, 47, 14, 677633)","(2022, 10, 22, 22, 47, 14, 677633)",b'gAAAAABjVGNwQWvLtBR8_pFy2-BWVjgDubM-wYVPF95Wzeuk4X9eWHKc3VG5L39WkqHt8m0UErmg7vf6DKvwHDJNHoj0-MH70ccXwRD_3XDwHhyvMVm_A4BghygWLgDHaUDaF85qFN41',16.0,pending_list,b'gAAAAABjVGNwXY2IZ5kWvF9mkhaEY92AO7Eeh7yZuFwuP0tKsEoZqNlu13JV9NWsXgqku5mYmVQMzexo_6060dUX6G05zmHewiQYkFxxwIBWIrU8UbCbJb0=',2.0
note_17.hash_brown,"(2022, 10, 22, 22, 47, 14, 677633)","(2022, 10, 22, 22, 47, 14, 677633)","(2022, 10, 22, 22, 47, 14, 677633)",b'gAAAAABjVGNwY00k3K3IfcNzUU3zqlB1-ywR3dGz3p8Yxnq9Xplu0bD8i6ZKxW2Pb722k1UqYmnC0pnf_cdR1Jl_lBQaTHDJsEmUuJhS583IQjufWOzi2uHLoh_lvGlX_Tcsp6-EKCIbXqqaz-LlhjkoHAjh1DCPPjcMnJztndkPBmYDJBwkVYI=',17.0,pending_list,b'gAAAAABjVGNwuLjnWdmF_LbdmgxTcB9UZfOOZtc02gOzHx88y9VRyHTfpcXw0Yw1eZtOGVS7cSR5XDu3DIRuXn2p1vW9fpSEaW1NVbJJsG5AQ4coZ9YE0SQ=',2.0
note_18.hash_brown,"(2022, 10, 22, 22, 47, 14, 677633)","(2023, 5, 12, 16, 55, 26, 754251)","(2022, 10, 22, 22, 47, 14, 677633)",b'gAAAAABkXlNgPcTpZStSUVSoult8gmw7M4Qyuitkwuyf2F4S8lNAd14kgRPi3aKPW6wvozJCqZW1-yyVhAoS_0GcqLYAtzTl8Q==',18.0,pending_list,b'gAAAAABkXlNgczkkYWesasXsCjPR83U8FI0SEdg0okmFhUjTTf07523yZiqY4AQo7CpjVLXMrik-rBTK5uVaYos42qOmq9HwxCNzOGjvmApdt2EFfq-V_aA=',2.0
note_19.hash_brown,"(2022, 10, 22, 22, 47, 14, 677633)","(2022, 10, 22, 22, 47, 14, 677633)","(2022, 10, 22, 22, 47, 14, 677633)",b'gAAAAABjVGNw2Vaztura76CIAGbdPatBfVt61XSIugFIYRgSqOq2kZpu9VtNVTbMh8okaK0go-fjII6v3-06Yt0ZODACYDpp9jegK68fhOt_KxKarKuzlCzaEX2Gr3Mxb1tBjySpV9-O2KWNzvTqNU-_fDHg-mDptg==',19.0,pending_list,b'gAAAAABjVGNw2r3pwwcn4ZRawUnrFhfzYJ35xTtQJfocvQ5PNbd354r1EZPo1cvAeV1hHrPUdaj8FG56dbuGcy9u2oSEr-5abw==',2.0
note_20.hash_brown,"(2022, 10, 22, 22, 47, 14, 677633)","(2022, 10, 22, 22, 47, 14, 677633)","(2022, 10, 22, 22, 47, 14, 678631)",b'gAAAAABj3u-l7_cgkekVnQwOsHN8qTC3X5hUxKKCuaGnO0ktBwonfxETVaqM17xf0qwV0Ts0J86RcvJcHc5TIoPhSyAvH1DAWRNKzU7xf5m-q9kw9cVTeflPyghZSbeUaX4RveVskfGykG4F5-q2AsZ9czuTy8_7s1JQplYKhzMZNsun-lqRDWCVYnNhyvIMYqXey6zVxTlRJC3a42wqGe0aR_RNI85rXH3it3RHUKJ9NOzzoMskDu0=',20.0,done_list,b'gAAAAABj3u-lCxRnBcNr1xA2H_4xF4mM0eHT9WR7TF3vYlWsMFme2ibG4htZnfIcVJ7rvQTuL6y717BeDaLt2ghejzoax1Y5_A==',2.0
note_21.hash_brown,"(2022, 10, 22, 22, 47, 14, 678631)","(2022, 10, 23, 11, 40, 3, 72242)","(2022, 10, 22, 22, 47, 14, 678631)",b'gAAAAABjVQvznT2CjUUy3a6-xXc-rxOB4kVZNfe__FRdALPdUKtajo7bSDIVE7enG0Rz3PUsn66WvJl4zJzvtV-nWkjzRiTbWa7g-pod72eX9vMhRrYhpE7n_meveMHIB3KQFgBqZMJw',21.0,pending_list,b'gAAAAABjVQvzPUJfLltMU4zaFLetN6ZuxY9Xx_cDmGgmlTfQAHejtJVrvosfYBHi7zigMaaeIHEvc8WYlQqCHfuFlgexEwqRfg==',2.0
note_23.hash_brown,"(2022, 10, 22, 22, 47, 14, 678631)","(2022, 10, 22, 22, 47, 14, 678631)","(2022, 10, 22, 22, 47, 14, 678631)",b'gAAAAABjVGNwhpQHll9oRE2qEMKs2g8ySOSkLi_mW3wt568_h94W2Z4v69ay1u17Ckl2ZYhMSN4xJOkSdO8HtWGNuInEKhj59g==',23.0,pending_list,b'gAAAAABjVGNwTSgc7X2Cn0ahBY7nEo3pDLK721IQCLq0C94XwLr8jSv51Ay1o4205jm-Q0JBOSwC2skAtVgzqS4lwrNWTZ6-usfDO7I2fbiLiMWRZ8VYY58=',2.0
note_24.hash_brown,"(2022, 10, 22, 22, 47, 14, 678631)","(2023, 2, 5, 0, 45, 45, 394637)","(2022, 10, 22, 22, 47, 14, 678631)",b'gAAAAABj3u-lPM9nd76m6_sz9pIctGPrnh3ubkwUqhLaOmNqtWZeA9IaES-xzvpXRGMh-cFEqOHRQEs1nWbwljDeg3qzGdNhvA==',24.0,done_list,b'gAAAAABj3u-l9LINgum2tJtWK8r0i_BVf6A3UG6s-1ecT5Ukn9cdaT6BvZk7B7ro4ruh_LKeICha9n1XxdBTgRHv1EKCuMSQlQ==',2.0
note_25.hash_brown,"(2022, 10, 22, 22, 47, 14, 679628)","(2022, 10, 22, 22, 47, 14, 679628)","(2022, 10, 22, 22, 47, 14, 679628)",b'gAAAAABjVGNwDcSMLPt7IAi5JnVYt5eZQ5tCNyXu2UOSIJcNaka2Z7p17KILUrtqMGoi76jaWZHIRDgNX9anClKr3CQASdUauBgo7zN8DjEQxmv9kAhYGNBEgznNcsDJHmjocMugyfmvG1Ozqqq0wInxEOhe0x4HCVe5yOhtp_OaPGijB0ZBEhB1Sn2LMtFp9Nb4ajYlRGrRRnX_bQ_kYY5zYaxodofd_pQ_4cAiPdcb6S3d9SLuBGZ3t4xBc1-Zy3jEdyzxiDTESnqmdrKPnylCaif0p45EV06uZeChSbQqsH52Gchg42cY_Tl0r_EcrTMBsWLrHTVYylaQQe9x08-2UYQHHhoyqa1RGvJNnx5Rori9vZeDlYWA6pZutr8MV90BCMmjtqI1BRbbjSldsP23GWgfoEMXnA==',25.0,pending_list,b'gAAAAABjVGNwGHjaqYuVjPECeDx_O8g5quLFR5YQdEepr3z3soPb9a2tp6CZtkAj0_HjRzyABWuw5GoycC9jgUMD2aJPl-Ww4_nQoaT8XqWrnA-sXaTPn_o=',2.0
note_26.hash_brown,"(2022, 10, 22, 22, 47, 14, 679628)","(2022, 10, 22, 22, 47, 14, 679628)","(2022, 10, 22, 22, 47, 14, 679628)",b'gAAAAABjVGNwQMPPXiCmjJ2aXaFhY4QcTgimo1X4PxjQea576w0XOD9Oee5B3v69h0ABFFZsrGk2ncBjWl6uVKkxmFBC5vg_GRnFzgDrI6tuk4lMlL91M0sgoVEDRFbXg9keCuhY2F-_6yoUQWrjZEhbkH1AInJXIw==',26.0,pending_list,b'gAAAAABjVGNwNOZhxUAvvnoOTbZojvTXnpK3mh_nIxXTAwOPI3A0g4rlToQ0PMF3qkQEHKewmh38hnU0YRZGf-1ePWQqcRQbUw==',2.0
note_27.hash_brown,"(2022, 10, 22, 22, 47, 14, 679628)","(2022, 10, 22, 22, 47, 14, 679628)","(2022, 10, 22, 22, 47, 14, 679628)",b'gAAAAABjVGNwPde7UP8vHvRCHhCmXFdZE2crisATbeO2Mlgc1JEHLYINgmj03v3hjzBKAp1Ymz4u3iHYz7nGg7xQkgvSPxsV7w==',27.0,pending_list,b'gAAAAABjVGNw2bwi3vM6uFMlx8ES1BrH3UzbsvEXTqTzb_rMF5HlWFhG_q1iBPEh-4a5a_uJb7maVk5jPuqW0EZqVNI3Emkmcw==',2.0
note_28.hash_brown,"(2022, 10, 22, 22, 47, 14, 679628)","(2022, 10, 22, 22, 47, 14, 679628)","(2022, 10, 22, 22, 47, 14, 680625)",b'gAAAAABjVGNwBgmGTOJ8ygGwHrhJfVo1z-bOWks83a9hiEt_XWkPJaHSp7l3U9LIdb6V6wEzep1785bDbPe08W5vCQIvjAviFw==',28.0,pending_list,b'gAAAAABjVGNww9JAkiHarRslp7FCG6Y_8cK8lRDnpMVWDpTJe4FuJ3ixQiSqa-J4o7Gw2hRHOMO-SDGXghppPF2Yxn3CprY0Tg==',2.0
note_29.hash_brown,"(2022, 10, 22, 22, 47, 14, 680625)","(2022, 10, 22, 22, 47, 14, 680625)","(2022, 10, 22, 22, 47, 14, 680625)",b'gAAAAABjVGNwdAlwuoCfYc3XI6EQ21AsSaJtgEGlqeip4P6D7BS66NOtvm0nGwIX0GWE_m0urDjPOwVlakNUNtRgf8Gur8m6nXNI02CCGpGQZ4HqG3M3wiI=',29.0,pending_list,b'gAAAAABjVGNwJ2K2M1H-LjQ29USl5dutJZycPbRZDUf6Mj5_9dzhGLVSo5MVbY9FokfEy084DPhSAXvpHp-JoLcBi-BQSnXNBw==',2.0
note_30.hash_brown,"(2022, 10, 22, 22, 47, 14, 680625)","(2022, 10, 22, 22, 47, 14, 680625)","(2022, 10, 22, 22, 47, 14, 680625)",b'gAAAAABjVGNwoUPCxQk46A_RI7k8no3EXXJgsxuvW-VSn5gJzTnB_-TFWpy25tYy9hlMJXYs4-6C0yVj87ID3lQReM5p4sUCtdEvzFiF6xbUZgbk9jXM2a1gPW2EFiHFcwx-ci2kqlNR',30.0,pending_list,b'gAAAAABjVGNwuSyIMzIAodbW6oZhKIslnLnkzpc1HxEb4nm-AvioAJiT0WQHKmDjN2TK1PVY7-99KiwJOJ3DfATzcSDBN6iQzw==',2.0
note_31.hash_brown,"(2022, 10, 22, 22, 47, 14, 680625)","(2022, 10, 23, 13, 13, 25, 747500)","(2022, 10, 22, 22, 47, 14, 680625)",b'gAAAAABjVSHauJQvE9kfSvL85iJoyO2e8crg15AssvtBptOrqmlJTLFfxyAw7lLeW-yMfWdJ3Cp3xr6Ci0wYXDZ8l-VY3F0vD61Xjz_09StNfbiFYxHGITasQDideK3QcgfmlWiDk1MDqbbp5zIzwvr8l7QSiu8g04zYbnLP5Yhx4zcAHmOkC5Y=',31.0,pending_list,b'gAAAAABjVSHaKTcVScM9chMjXQc9K08YDDsXaV8YiqVKsFbvuswLXnR79tLD3atUuQdamUMNKe2-UHxk5_Hz9NEXcfOW38doHA==',2.0
note_2.hash_brown,"(2022, 10, 22, 22, 47, 14, 673644)","(2022, 10, 22, 22, 47, 14, 673644)","(2022, 10, 22, 22, 47, 14, 673644)",b'gAAAAABjVGNwjm3iFFsoIUFcvzrSkmRqTEPOK3pRj3OCNyyOvdRRcOQf2MCQg7ytE5SYw1Mc-Dw2R0egIS3KT7V7AUwOZMKtwbTA-YyeBlAS33GsfsNyQEFHIIXHaIbYdTQl2sPBUCHUSVzuoOCfTKjL06AX-rqhQA==',2.0,done_list,b'gAAAAABjVGNw8hWfLBdbY3M3whyT58_tVZRsHoSuAtIjHKinUESAruearXSvqpqORV7P_KcmCgHQWe8tNP2W3Q_2IZlSAcPubq0_k9TwcscncseKIMyEoqY=',2.0
note_3.hash_brown,"(2022, 10, 22, 22, 47, 14, 673644)","(2022, 10, 22, 22, 47, 14, 673644)","(2022, 10, 22, 22, 47, 14, 673644)",b'gAAAAABjVGNwQBwBRg3x9tMIGWjH0XYfVnjSxhKVqiw-c9qDAbCXQY0XwiBwQvos2RRl9PO35wr_h5nZ4cM0SvrQpDsz6qpQyIZs2BdLcBi7GqrhB99O6PrekBzM6QvKjZU4CzB_FZ6qEG6nOsWJbcRdPf3xqEgrjw==',3.0,done_list,b'gAAAAABjVGNwt2EgHvMmt2gjVSv0dgi9JJhBbEyQWw_9G_ySyTqKqyaHqpetWOCJ9peDveNtTpKplERhRDYHJASBIHDKDDtZLOcVZnqE1Hns1ZVaN3HoBqI=',2.0
note_4.hash_brown,"(2022, 10, 22, 22, 47, 14, 674641)","(2022, 10, 22, 22, 47, 14, 674641)","(2022, 10, 22, 22, 47, 14, 674641)",b'gAAAAABjVGNwXMRbRybM7XydSQQ7x8twJwKHjhK0sTQiJkNFPGbQfyKV0HKK1tRMONgVAdMa7SgrMjjVylMZrHFs-ZAORsvLMA==',4.0,done_list,b'gAAAAABjVGNwjqXMPDQHrhlzPqOQFQ0AYCCDXoLnKgixmeUY4wdnsKp8GqcSQkhKNx_Xc5uQ1JO4jnld31Kv13WYVVZQu4D3Cg==',2.0
note_6.hash_brown,"(2022, 10, 22, 22, 47, 14, 674641)","(2023, 1, 10, 23, 5, 32, 414324)","(2022, 10, 22, 22, 47, 14, 674641)",b'gAAAAABj3u-lM5D5P1Ch8fB5x5Za0A2-qM11Mz9WLKoe2P3IuTpgEl3nUL0CL7tRm3u15Xa5Beo8C-yXKSWCr3dzOvcV5b2vXdPwL39fEKOWV7LYARH8hbsva1Flxs6P130kE3StLS4F',6.0,pending_list,b'gAAAAABj3u-lVGQSTy3Mk18kuEE6zuDRKvCbkocT_AO0rM2MupIMA13TtsR65ohj-ezN2P1toe_XqfyAlY3EDdXWl8PUrVrp7g==',2.0
note_7.hash_brown,"(2022, 10, 22, 22, 47, 14, 674641)","(2023, 2, 5, 11, 32, 7, 260868)","(2022, 10, 22, 22, 47, 14, 674641)",b'gAAAAABj34WosrjEJAsx4C9CjlSXIwa0TqtgOYbljaAYiAieIFrzApv0KlZiewEclQqQW1FjJeUCyJ9Hyid6S8quDj8KUC2sieofTU8VCFWcVI2azkWOkF4hOurEuluDPt3tzmE378lZAaNJ4UKU9wT0r9nEGT0RgAHLLYiYt3C-MwLTB-1vJpPRLkemizxtz_Sg0-52mkxkyPrg8ihGy4BGJXavrzxVwQ==',7.0,pending_list,b'gAAAAABj34WoA-QnOjDoVGklDhoivPdBQhk7lDY-00_WinATcbCCAXZ9XkGsdwwOXQBNgk5ruYj4YjMsKgHoCURpvsfxlxjxaQ==',2.0
note_8.hash_brown,"(2022, 10, 22, 22, 47, 14, 675639)","(2023, 2, 5, 11, 13, 6, 609480)","(2022, 10, 22, 22, 47, 14, 675639)",b'gAAAAABkTrkwtNnM99BY1fnyTlZGJPDB0sUEgShPeeN7cCmNPjKcE_MNe48OuvHsgVt1RJ6fA_cA-QlU-VUg5Ei-FJhsM61sEMx-UJ-tDlX2FF1qm6cSJjyQvkBr8gm98ijcB4Il_5ITTfgYcGPXa2q6rZSn1c2wEUDqtsNDoVlFzaVYSlTgZGWeOw-AmbJbk7oO5xmVFP1KTyO6jyVcTPWkd5qYdMY2XbbWcM8VKAkwFyjbKuIy8b0trPQ2VGuVDd5ST8likXlkUiJ2vs4Swvz_GNUOybDuD9PR57lYOPBBnb-QWQBslKZJffQ0aPRq7znJcElW7c1mtyS79MJBlcVs570RRddnQ5FoiZLWsi53OpbKJ78IbBcDd0zpyakVdAUjzkVA0GqlKscBkUfrrKg1H3Dw1AJzQtz_abJBuJaA3ZlrEqczHmn870DYH1_cFiHXI4J9HSijj3ih-pBPz3imaP71s1WXQ4FbeziM3eymd44-SHQnOBVvGRU9OWSaE2jFW15Pf5yfBCcaunfB-W3OGwWsILXt5A1mQUrDFJe8t-UwuLKz1PfvwCHetO7VFXMJOr2EUw57',8.0,pending_list,b'gAAAAABkTrkwM6VeX0kaUS_t_w_co_vy7rthsO44s5vgipAlWbV59KHmfz2i9BCDM8BmrXpKRox5P6oerN_T5ecfZauWdo3DpQ==',2.0
note_32.hash_brown,"(2022, 10, 23, 17, 34, 34, 813739)","(2022, 10, 23, 21, 10, 15, 804102)","(2022, 10, 23, 17, 34, 34, 813739)",b'gAAAAABj3u-lP4QWTR9kU-EKxmvnlhOlIqnwvPR2aNKJeQDwB6xlAYqssBTV0I4Au05QAjW7iYUrrrvFJyw4bvm4ZVVInSmJKJMM_iRFoovNjmyFjVSGcdjH19paHmcxyhB-3HTxHLXqT6faijvSgacA4zm6t2lOBg==',32.0,done_list,b'gAAAAABj3u-lqHD0060GlOczkw_sXrYC1r1Tp4xyLahkzkDC7Y9VLnWRuXV-FYQ8lSk0fb7yWF0eeOHS598UvvvHjkXBnsJeyw==',2.0
note_34.hash_brown,"(2022, 10, 29, 11, 26, 45, 291182)","(2022, 10, 29, 11, 27, 15, 721495)","(2022, 10, 29, 11, 26, 45, 291182)",b'gAAAAABjXPH0a2DGmjDZI55bQQrfjwzVh8n6RY1joSFKsXHgqh8JJ9AQo5en5xS7JFFM03V98_w1HiSKefsx8QX3jO6kh6tx-3aiBJjOz-hyePEJbj_f9AdZkBK159AaEWVWBS9PiVzxy0aYHYU7PlmbMaJgW2g-vmXJoUqLXyTXdaOzpoyVVXJwZyodsNZ7ioOk_7v3THrp_KZ_6AbKtLG4U-YVpmW5g2-o-urEMS-H5DPNyUgT-Zs=',34.0,pending_list,b'gAAAAABjXPH0SWbBPpfR9IMCWFW3GmuufjJBm_26EPwnzdQM90TJS5IQ0Qe9V8puYgE6oxKL6GVIpH5V3ZeUEo4x3MdKzdDp2A==',2.0
note_35.hash_brown,"(2022, 10, 29, 11, 41, 28, 123004)","(2022, 10, 29, 11, 55, 8, 532921)","(2022, 10, 29, 11, 41, 28, 123004)",b'gAAAAABjXPiUE1Y5UdtKoOf-KXQZhGTdnPyrNb05yqN1GZ6AGNOk6lH5UEVYmx_l_6kFL7hABo2MHGiiDY3U-NOPYjHxlQD3Ph65P5VvkkHqIIJ5cleY0L67Qxdk3ZH8RAeFXndEhOesl0xulockLQI9ScGErlqytRv0r25PIGMTXjfnBs8pB2E=',35.0,pending_list,b'gAAAAABjXPiUMjiVvqK2f9r6NtvbYu_dpU31fZWxvC_B1tBXwHcN9ughuI6OTM4EHzwvw6JNArMcua4HZ9855s0hUcxgf0-F-w==',2.0
note_36.hash_brown,"(2022, 10, 29, 11, 55, 18, 712965)","(2022, 10, 29, 11, 55, 30, 594050)","(2022, 10, 29, 11, 55, 18, 712965)",b'gAAAAABjXPiU5yQqbKBT48eAOrxYmd2zzzvBm2krHewqXc_ZYwjugfaS1TKKtqg2s6BEPVqResGvpnBoLJ429AeAaYzEPtIQ8y2Iy_bUWErk7NaeYchB2Hc=',36.0,pending_list,b'gAAAAABjXPiUBKaE9iV1rt-eVyoYHLoC7d7ODVSApQLNEUhIWnfqnWG_hgGB6SCB6meQK-PIh9T_RSZqoLJHFft5fK3eFQvigw==',2.0
note_38.hash_brown,"(2022, 10, 30, 8, 18, 48, 655254)","(2022, 10, 30, 8, 19, 17, 815743)","(2022, 10, 30, 8, 18, 48, 655254)",b'gAAAAABjXiV2vBzB7vy4lzEohf2ieZhnoHVrlXoqfJUY8FmXw2YTaIDS0S6mrt8OAP4ZlZavphke6bU6VWEwpTayuTfoEqIMqtujXV-UrfpJExBy0MwmgJnyrWCy5XXKsSq6ajWHHNdjdreqUcBYL0wE0rwSrRneaeUqzWMYnmUEFDIYwEe8cQaBJ3lY14C8jgppYrtItfP8',38.0,pending_list,b'gAAAAABjXiV2blxR6XnXXmFtk5RZJUjubqlsb6AxwfdjHcKify3CAlxnbz94tiTPyXHnjQecODIe5N4jzkPQ36MwblHkXi5l-g==',2.0
note_39.hash_brown,"(2022, 10, 31, 21, 43, 29, 260804)","(2022, 10, 31, 21, 46, 9, 213329)","(2022, 10, 31, 21, 43, 29, 260804)",b'gAAAAABjYDQSTCAZ9uAb99_ZxRoCeKyLJC_n3lEaKVYtLKploxcroMfBjvGyQT1QSRmjDQvH5dOoUVEK4pwC8wIC66vPW8ILYvr0WkyOGQoL_Wq0_Ic3SM9VtBojgWXFW7TRyWSfyNlcaK4q1tsml7U42vmhgiJ2GFKf50yvGjpac5Xp0NymOTCfP19U5HyFMcYiGGx65R7MzrXfm2Ost0lcVX9FtmEBoJ6E08nQseg552QhgDSgEv8oMjPpF4RyhYarcmTYr9UQl5Y4A7CKyW4NYym_4QQbaX2HSHn5zmFyrh4EW-ek_Xxz_bKMp3-AV0WQrzsv8dZ5m8USsc6SWszixYNDaw1wqBRSPsq05YzMtA0ux3I6--M3aB1RVTZHrJeVDZVvrTE3ID5YRo5ev-klS4dPlCePZKZJmqDKGD1EeVANGTuSA7s=',39.0,pending_list,b'gAAAAABjYDQSPwWA2Rvrp9XTLapuJO_O2HUW_NgFqypNb7hWPfHXy6w56ikHgS7XekJdvuwIy-YtxQVGqbotikMVsb1Iupid1w==',2.0
note_40.hash_brown,"(2022, 11, 3, 20, 43, 25, 743227)","(2022, 11, 3, 20, 43, 25, 743227)","(2022, 11, 3, 20, 43, 25, 743227)",b'gAAAAABjZBnr3KzWkMBLht6uXeEAKTFY95Yp8C82cjstA4wdOfEk-YGvONi5JHw7q17GBeC0BkA6Z6RjkZDRRP8xNtsO8STtUQ==',40.0,pending_list,b'gAAAAABjZBnrfrTsX_ikHntwwZg5Z0KP8Wo0uBwnmcfhwvBwuXue4CqXVrydY2D7Vv6JM6unJtu9zAazv-PFVXn2ZHhr0EnHwnNqfsGOQ7amBRB_k79F6_s=',2.0
note_41.hash_brown,"(2022, 11, 3, 20, 43, 33, 278396)","(2022, 11, 3, 20, 43, 33, 278396)","(2022, 11, 3, 20, 43, 33, 278396)",b'gAAAAABjvITZU4t2QRmHPsUct2eaNwfo1lPMQYXWAZYldGU9I6PNzVYfUKmyY0hz-FziQzo_JQ_MfWaoVKK9_aMwK0s-dg-HTQ==',41.0,pending_list,b'gAAAAABjvITZmzxBF1t_OUI03_ZRgm8GJC2TfS3rgtI5Pdk0k3UfsMA9eClubtJSarDI9FH9yw7COjmHXug-EVyxrH94Hk_39cheV08Sc1cGGRnk2RrANlM=',2.0
note_42.hash_brown,"(2022, 11, 3, 22, 48, 31, 864064)","(2022, 11, 3, 22, 48, 53, 479950)","(2022, 11, 3, 22, 48, 31, 864064)",b'gAAAAABjZDdGafuQ23ZHC0RsdhJIdhLcUwb58ASi_ABolC13FN-ol5VKLwl3Svueb8SchU4eP5rqucQjwiC3gVwZO5ZIGNFUR3h8QykmohPcIJRLWh-4EtLejRzr4zHN-w7-tz_-5haxcKqhWwG4D-ZEfE158X-nUVAJsHLlZDx_3iXU4t2ZHCc=',42.0,pending_list,b'gAAAAABjZDdGJBpXfxLXRelM3x8fva35e_TSxVRG6Dgzpi4qFMUs6G0OSCu_vqPz74AxN5zD7bePIeIlxDeGuaMtFwxLTpie6w==',2.0
note_43.hash_brown,"(2022, 11, 8, 20, 15, 45, 275376)","(2022, 11, 8, 20, 16, 38, 392997)","(2022, 11, 8, 20, 15, 45, 275376)",b'gAAAAABjaqvvJMaHq-mLKB71SaOCMHbvqxiE0ekwe159FRpLoHqelfhT5ktDlS6vfJVl4cQtC2kcLBY426UtpOF_s8U2Dudz_FlpJQarjhuDah-bdSK5fSvvnuAdgMXeyLoowWjWgyCXtKtOMDbF3delU4qHKfl4TO8FtNScuEtz_0pb76Jr2O_SKCewCFNCaSvTwGvx0HCcqHpgoxLLPJdpZdwZ2IHNAm5qNNSWT7uaZpba1_AeBeAN90za5QOoS_8FWAtaHzbyXhH4EoC9X9tYsYv2nBe-4PLQkdoFZSDEwOn0KltTcCzaFOI5B1RBKrWoL1exSBa7zpwtbf63n6yCUdq-Apw_Jg==',43.0,pending_list,b'gAAAAABjaqvvYJuXONgoEWJVxK7AddrQUMgmCfFKDDiZ2jtlpaJGs_Y8DGRhIoLgm6VEhFNB869kvQEt9t1J_9tqnmeUZOnGyw==',2.0
note_45.hash_brown,"(2022, 11, 8, 20, 19, 47, 450806)","(2022, 11, 8, 20, 20, 14, 830489)","(2022, 11, 8, 20, 19, 47, 450806)",b'gAAAAABjaqvvm--igE3kqiirZ-yhyzcB0X_vR7FEL7FiAl6387A57VPq57fEBGwy2eYjg8f-K86uz5cWSTQbrbC0IZ29B-Cim3mJzCvHUC8nIes-_C477QWHbSoYksCotExWkIQR2lB4WQp31wZqqV3-5ys-VODstJAb69j31y4uSyusxFR5ahw=',45.0,pending_list,b'gAAAAABjaqvvmXfYn1Cb5Ey8Hi0ElyMT3a_GovZS9GyKnpdR9h4JgB0ZOCJUMeBAijUIYIc1F6kbvgbn_DWbQoC6SS5BfZ_ok8aktoXnzWXdLu1RMNQnWm8=',2.0
note_47.hash_brown,"(2022, 11, 15, 23, 59, 13, 563461)","(2023, 3, 11, 23, 2, 20, 711207)","(2022, 11, 15, 23, 59, 13, 563461)",b'gAAAAABkDPptTGCSYrfNJP_2nPioVhW_oWXiRV33MIBy3E6LthwgCiFcXag0-WJ0u5yLx17Pol53DzIuy6OL22uWrjVCuwYIEtDApMhYA-143I0c_aYOK8CMX6mFHytUNTFMnfaXLf4FXj8RbXk9MzFPxgh8-zdlxQ==',47.0,pending_list,b'gAAAAABkDPptCRPwa8HLnIT2ggPlge_SNNbDx75MxlTi7nl1XOqhVGdk6H6h6hTCdqSyinhVRr2O_mD4HTbgTHORVosbIUK6Nw==',2.0
note_48.hash_brown,"(2022, 11, 19, 0, 23, 8, 864256)","(2022, 11, 19, 0, 23, 43, 766396)","(2022, 11, 19, 0, 23, 8, 864256)",b'gAAAAABkTNUZ83V1vn-OSdtmwVIdCjZsKMBqTgA46lil0TP5Byd_o252wIJqlqkJJw6NKjNA-KU_9tOvp_lIkm1gWWSptstK-IAbf03Smf5vkeRvHIkaCIm_w-jufhDLnRaTjrk5KvCyduQZBa6FoHnabdaaGKhuQg==',48.0,pending_list,b'gAAAAABkTNUZq_JjcABmeJO_9nzDwRICobTnWKtlc9W_m1qVN0vGUUXJjS9TxnQlVe1sLyl9z72_H0s2ODuAzKMJ_KvWwws7UQ==',2.0
note_49.hash_brown,"(2022, 11, 21, 23, 41, 11, 406602)","(2022, 11, 21, 23, 41, 34, 705201)","(2022, 11, 21, 23, 41, 11, 406602)",b'gAAAAABjvITZ9oo-ZKQBXSGe3cZ95_uNjlYcFXVlEj74b86LO0yWiQwjaCXiKsKgtl9ywCf8mPO27DSiaz14fy8RDoVZmfkrxDtXv6pdl2lkSUAPBmo2ANUNEn9zJLX30tRO2GxZxBJT48OfiyzFduze962z4h3wnLbBxg47YezuoPCqkeb0IMBL1RhO9IXa3PK6tWAnP558FEou7qGpcSqZTnu6U83uNg==',49.0,pending_list,b'gAAAAABjvITZFGj4QsQNpCLTxbOSC4NYZgDptNpiIENMLSklv-eGNQG0bpj0uUoXHiLfddHFbJMAQz47ioNOPcJXSfpiFEOFKiSlmNMDxiSfR7_zTBJISyA=',2.0
note_50.hash_brown,"(2022, 12, 21, 22, 11, 13, 934702)","(2022, 12, 21, 22, 11, 21, 406583)","(2022, 12, 21, 22, 11, 13, 934702)",b'gAAAAABkDPpoX_ydVdrnyhmjndSkLT0-IEz5NIeQ1pIMz8M6x6VWqwV8oayHv-JR5ndm2MVvXofP7g9sjRNizPbGBRu-qTMTIQ==',50.0,done_list,b'gAAAAABkDPpoeZfflXBXiFd7ejMfGNZcVz2FP9uSMe-Mw5I4QWm5XoCvHMos8SaIAqNkUFh7UnUvF1HqfOGJdub2XswmQ_TbkQkKUMaGZGtupbdfp0cd_0w=',2.0
note_52.hash_brown,"(2023, 1, 7, 12, 36, 23, 239474)","(2023, 1, 7, 13, 5, 47, 275270)","(2023, 1, 7, 12, 36, 23, 239474)",b'gAAAAABkDGzcwlyD4U3BJMBQ0klZVQHenM5lbTFujia20lV_qYarYTvrPOHnpR8xHT8r-Vpw-1OlPdQXH7pcCb4Jud_OWlLyEQ==',52.0,done_list,b'gAAAAABkDGzc4DLchmDf43l8TfKnwfZzhfnS1FHLEh9Yf8M8tVqCdkuSlUriUEhNEqQUn2h0bot78iPnaAi2jzB3mfet1lOAAA==',2.0
note_53.hash_brown,"(2023, 1, 9, 22, 19, 2, 331211)","(2023, 2, 5, 0, 52, 4, 857456)","(2023, 1, 9, 22, 19, 2, 331211)",b'gAAAAABj390plkgxDHhi3MzSUGOwz0Xq0L3_6tg5K0lDWOamHXPb5-ttMgdUH3Z_NaBW9gh1C46sZKeR1Ez2ZiKpGIIEFgl8QnftCeQZ83dsoru_Fpz6G0RdieY4FH20-s0EH2K-XtxSGLpfIEpZnb9frGrn_g_rj2V6KJRnZYckmE7Y-CcIQeY=',53.0,done_list,b'gAAAAABj390pLbuIr6TSG8N91ry_uWJng4pMQLrYMMFdCgFxCr2y0BgOEFzBVMjtBtRVH34eM5zM3tXnLSAHkm2llPX_f2ogJg==',2.0
note_55.hash_brown,"(2023, 1, 18, 21, 28, 38, 203370)","(2023, 1, 18, 21, 29, 5, 691850)","(2023, 1, 18, 21, 28, 38, 203370)",b'gAAAAABjyFaSxYqjtvVy2YDsKA4h9mQADZjF0sxyfMBXYeAKAMBwwUStcZRqpOeICoflagvE9FKxI0MasYXqVlVQaZOUubr40ykk_zBwSggdxldEtDUn_K4Of-xUW8lbvtR_XhPNtifNRMzT7KRuicIoqu_y8uWZLQ==',55.0,pending_list,b'gAAAAABjyFaS1bPVwfaG6HphknBy1zaV3hqOjKdri75MfY2H8YOSvN_d_MDIKestHXqIi62cjp3ZHX4T0iOdV_izPa3DCcn2jzoOT2skFOSuZl3wg9nqq-A=',2.0
note_56.hash_brown,"(2023, 2, 5, 0, 46, 55, 307018)","(2023, 2, 5, 0, 47, 17, 577974)","(2023, 2, 5, 0, 46, 55, 307018)",b'gAAAAABj3u-ly5hzWAd-ZTPpp5nhdTEW5pdyAdfgXT9DkQDLKA8ycZ4OBAgLO9oXBfts9zRrHyyX6wqm9J-G61xoIce5a-VXBh5kvuUplIeF7RZgTXtmED89HD4oVzsQD6Q-s08N6GGG',56.0,in_progress_list,b'gAAAAABj3u-lMuw45DdKGXezwNc2SLwlZ2kstknrhj-Fg-cgPTGzyCiBxuRvg7bRfg1xvaB_40St3bu2cT5B6XB_66xAqJA71A==',2.0
note_59.hash_brown,"(2023, 2, 7, 23, 54, 13, 971658)","(2023, 2, 7, 23, 55, 23, 625956)","(2023, 2, 7, 23, 54, 13, 971658)",b'gAAAAABj4tbcaaBY905taevuXYWvZ6gEEoyCGGqXp9p8XzpMiYl2vaw_dRfNYr4onDFAsSti58m90Zx5myxQ2fnMhZN0O-frtDUFy-GzGAnRYy3v5pCgFSSEgqawcXG33QYIIWsiosolTXebHdP6WWdG_FyudZ5Zogv3pQMGPn9GpnKdZ1vc2yc=',59.0,pending_list,b'gAAAAABj4tbclGa6w4nV3SpAuy5V8Et4R8RYz5S0hxRswE9l0wX-B73YKCnz4MsrnUMLZmpPqQSJyaxk5sgAOZqCTt9rH1qQCGXuvK4d3jcvhKrZpPgREbY=',2.0
note_60.hash_brown,"(2023, 2, 7, 23, 56, 30, 785649)","(2023, 2, 7, 23, 56, 52, 442096)","(2023, 2, 7, 23, 56, 30, 785649)",b'gAAAAABj4tc2nSQ1fXiQOMHGmF00H-l63hvvnTukXYZKU5p3PgKrJOnS94xF7p18EB8M8R9Gnhr3lORCMXIwN8HUe_FFDuYL--oeb583y6WdcyGEz2fHXiju6PM0IDg69aYzqRyc2nt_2z6Do6wvVAI7FaNHFdE6Qyw67QcmI8wKJgs1l8BOa3ZokfgOD9OH-pbD8ZStiJanEqKN_6BGWN1Flnhqb0dJb0p3jFdrHGe8xtIovggGNqA=',60.0,pending_list,b'gAAAAABj4tc2Debhh-bAVfQgUR7iZ_MSZmTCwXb_xNgH7arT-2xgclQXl-XyyKCzMBQMWZUAJDlAAAyGUsUgMZ0Z8KDCkJsC8w==',2.0
note_61.hash_brown,"(2023, 2, 7, 23, 57, 42, 705711)","(2023, 2, 7, 23, 57, 45, 769599)","(2023, 2, 7, 23, 57, 42, 705711)",b'gAAAAABj4tdvxu1fQVnrqzHtaP3BX2U75fEYThZClhoPZInmM3F-KMlL4IZS3t7-PqUrMp_8lmOsD5g8Jih6YZSEzZT0voxpt3aNi7oIYvr8z60Qxc88me78rfSV8Gk1ZgCQBTVJtdS1MtPepcvSmqsHwlMpMSw1OpysMCQOPG0JtFwG8PsvTwcalCua2S0r6sycE3b1PjgbxJHm3t2hTwlg4m3A-VWcRDNdV5ufGkIdcYAhxv8xEJQgYtT-G2noVWVbxg6uQ3gu',61.0,pending_list,b'gAAAAABj4tdv8gegcC13dZxYRN1GMwOFv4Ap3ve6vj6sUFdwuNpC_8mhvHQ3y9YBrbluT0HGm4nJdJ0Mne0BXHC4r-dyw8Ed_g==',2.0
note_62.hash_brown,"(2023, 2, 7, 23, 59, 54, 321073)","(2023, 2, 8, 0, 8, 14, 303900)","(2023, 2, 7, 23, 59, 54, 321073)",b'gAAAAABj4tnfh3hOD6A_vnOspuvaP451rPvUWqwYBGajzHomv_dFj7eYkNqIeVZO1HF7ApS9R3MDaetNoIo8pS2FK8_Y9Dwre4sUkZ3W1bhbiG_3vtPosDEvvkf51_D7KDFEtdJwB9pDxAe7SOpl4dgGoQ8aNqK9Sg==',62.0,pending_list,b'gAAAAABj4tnfJRgnT7V41fAXJ38jeHOKt04wu2VrRg6HmbREdqtGYKnbx23v3rUjjdM8paeGZN5_Dj2uOrf28PfCzY7VuIbDuEnjcSHj__k8wp5j98orGmI=',2.0
note_63.hash_brown,"(2023, 2, 8, 0, 1, 15, 801030)","(2023, 2, 21, 20, 59, 46, 432547)","(2023, 2, 8, 0, 1, 15, 801030)",b'gAAAAABj9SK0m6Yr63xCMhPDPhEnIaHsJDlN7cmTHKZcJ_gVItOQHUSWvNYPtRrbs4ko6iL4GjMPBZupachvvM8Et3_GRirypuU9Fz0oFv1VPj_mEmK-teg-P1w3CcqvJjPl9LJlotocLlUnQAZWcsEq3X_7rxrdNl3_ykgfUsBR6InngVhvPzJ3X5aLnHThgV4TcVbuDhZyspWghviLMfmLV1w0U1vKooKmmLwFgnuIJ7m2QXebdai5VgUEJ2Oa5rLO-nsYNqJsxnJljKB5CudiKkruFZ-dEg==',63.0,pending_list,b'gAAAAABj9SK0ZpdmFB7KwyPd3wOv3pW_4coAJ30QZ4IXCcIyOf6PQYdYmkHLc5Wd5JqSywtrHkS5A8BcnP8iINarAl1k9fb6jA==',2.0
note_64.hash_brown,"(2023, 2, 8, 0, 3, 19, 776027)","(2023, 2, 8, 0, 3, 41, 992260)","(2023, 2, 8, 0, 3, 19, 776027)",b'gAAAAABj4tjP_rt5CuwkUmVSO5jnrJRPrQFX3cuOkkyB514Rivi3t-EFP-dMELbXrN04nJgaUu2pS_-82pFKJazDzVoTY8IMczW6c5LssVuuT9HC64eWZmzo0fMq1YFq2XFc3q9BRhUN',64.0,pending_list,b'gAAAAABj4tjPV_GlOQEdIKTJ_2hvGejqAQmgpw2NS75gQLw5RlFsOam-whlmQ9HLmTrvy8eCwv_oEsmCMg1x7ff2zKfLAJVFxA==',2.0
note_65.hash_brown,"(2023, 2, 16, 22, 44, 45, 947655)","(2023, 2, 19, 16, 47, 33, 518167)","(2023, 2, 16, 22, 44, 45, 947655)",b'gAAAAABj8kS0uxkK3WW9Rfme1r76O2W5z0_gS8kTX3VPvjjR-rMddRhhnPUOVFAqn4DRwv8DwH2E4HAP_PZDFQZn9WlLN71vJZSzUQE5CPUOyrlqGt1tgsjQhYXuh_Wz4p7glBou_C4Mdo_EsZGyUl5PEVYXQlBS3LEnbLTTbylGZ528MOX81RQLkgektAfSzslr6PxjxzDsRAA25e5FZ9YHyJRsqY5JNg==',65.0,pending_list,b'gAAAAABj8kS0mgtdjtq9s9j1UWWhNsIKIswmdG_bSepNDH92Hki6ic_bT68Yq5hpcg6mA6STCtsZzPIQd85mEu7sABKl1rQFsg==',2.0
note_66.hash_brown,"(2023, 2, 16, 23, 15, 57, 198084)","(2023, 2, 19, 11, 26, 20, 69996)","(2023, 2, 16, 23, 15, 57, 198084)",b'gAAAAABj8flPcIJJVoiQzrmA2S3GRT7nhv5bS9Mo1cN_BWiFnWVWaLFsSyod-7Qpf-3y7qodmAp2PO2DQxNHQ_hnS-nuqap7ye-_K1LuzME9iSA2Cya2lvMcOhPkcBohxupkT_Zi_QaPsmZBpqUtTX0u69I-RFyk5KvHx_EnOGlRm6sHMSQYPqbjhzBv8akrm_K4TY6G-6sOfaUmHYAdmXS6FGgyZAcQXbCT-jxRQk8IFAXgvtMtMDXgWbLQhoGyoBBItwG5OrwHJgP5w2CYabUzuNsWF61WSZ6OmDV-K1LYs8UAndNa_qwldCxPS4NQn3Nk_P1OBx4H',66.0,pending_list,b'gAAAAABj8flPB1o56CNLuTqJ2lY6E6CQn3dvdls_2emjnvx-uJeoVDHL6r8NzUp47F7HjMOqwgd3CIwQJfcjjL21yClZy81c4Q==',2.0
note_67.hash_brown,"(2023, 2, 16, 23, 57, 29, 523980)","(2023, 2, 16, 23, 57, 34, 627310)","(2023, 2, 16, 23, 57, 29, 523980)",b'gAAAAABj7rTfA1QVFUkXn9DZCA3LXtFbnQqesxBesJMJEPOPsSQf2nusb5Ry_rK0YMyb8g5kK24EwmQj9gpOCCYQR_Bpxczy1SLkneppwnT2qobvsnsUII2ZqG1k8P40RyXYDByONX68mLth2uNZ8WHspzJsQ7k_x-EzYRnhMN_K6LKgICwP0JDSc5Y_By7K_a_pXMatteSP',67.0,pending_list,b'gAAAAABj7rTfapDB_SiOFUYEIbiN7ynhO7nzDRg6_Rbu_TXjkC9aCYWN-O5KFM55_4AEPmYrs6NjC9vwNgi8gFCaJ4wMYcMeTA==',2.0
note_68.hash_brown,"(2023, 2, 17, 0, 1, 23, 490889)","(2023, 2, 20, 19, 16, 3, 734695)","(2023, 2, 17, 0, 1, 23, 490889)",b'gAAAAABj87jkCHnvCgX9Kd20gAtYP9xD0pW8fG6zsUNx844Ikex_CfohrfqTn1L0ino3fUK5f3_Qw-L6CNmYO_JZfu7RbeuAKp9SmIkzJ4MzRUGxnDW_V4tb85Fr7yEOo6dUSNgrZvz96KwU_K82nOjZKevKvcJJ2ISJD4k3kFXxp6z9cL-LwobTrIT8G6OtWZpW4YXXUxlflPBi_6GF1h43yhMLNChs7cHgTKd4Ps9-Hk1ogUjkalY=',68.0,pending_list,b'gAAAAABj87jkd9f95o7Zv7o-0IkXcyMISVaitmDefKFC2RWa8Rcp80tdCsUSFyxmBkzOWW5bFPplroO08Ykts-T5OBxsjwmzJcSP5YlpNxEVyLLWkh-tEsU=',2.0
note_69.hash_brown,"(2023, 2, 17, 0, 7, 10, 169048)","(2023, 2, 17, 0, 7, 13, 721703)","(2023, 2, 17, 0, 7, 10, 169048)",b'gAAAAABkG3lEP5oj3GT79Ymd7dZhidpjT2SPCG_3YV4XCac8jcmK8sMby_rlsMp0Dg5U5Jy_uXUOPecAM7BEEZYHZsT9TdoE7_z396lqcVfDtoPzzyYCj_tIi1tuWr6w1-9JXO9vEiHcnOgXNbwO8_EB78ppcCMBE9g8Pfh6JYYiZaFzgmxyDnxRFbTRo_vofgdYwcVbMgn0',69.0,done_list,b'gAAAAABkG3lEckmxAcnSKz0YNAVizO0kwCDjlBkWR8sNkSEZ6NFp9xBCWFfzG_Q6BG5QdQhtNCJHqzN6Ce3pwI_FI1vYlCWIdg==',2.0
note_70.hash_brown,"(2023, 2, 18, 22, 34, 44, 429606)","(2023, 2, 18, 22, 34, 55, 691609)","(2023, 2, 18, 22, 34, 44, 429606)",b'gAAAAABj8USAjG51iv2jw07UzpZPwNA4UO1FU905jTq0G1_4dTn9wyTUXVYsVpKJsDnyAEeo2rDvUwB4Yu6uf1pUh4b7NpH880ffBtZwo0gS6O2fJuAtUtiSn6AgMjA0Dm9lgmTrVyOtRNtqyGMSNaUgawDludDX6A==',70.0,pending_list,b'gAAAAABj8USAgg6KvYJbKOVKjuujtozdf9ZUfhvhz7Ez89_wton7sHV1bqloGQbEDmVE1kJY0Bipo28i8j9sC_QutDUihRCnbQ==',2.0
note_72.hash_brown,"(2023, 2, 19, 11, 26, 41, 935700)","(2023, 2, 19, 11, 28, 26, 802782)","(2023, 2, 19, 11, 26, 41, 935700)",b'gAAAAABj8fnZQIXA3gVBhssLvFRFr07ewFm9RxviTfY56AtAbzgym4x_waUiwuLga21i_df8Bkp7hVki4ToJtENesA4hwE8L49RNWe1jwyT22bfT7Y7mjSBvcEK6QbTSoeMdwk6Ls43aINbmW2duepOEuNbefRsYt7c_LvKw2GEPonQh_VqPxA7nq5QIog-l8YX7TKK1CKyxsKj1y7Xtx2x-QDZzMq5jMY8FGt03GC3MfoRpwA7PDRU5r9TJ3MLWZ2wR79P29nK4WFZOHe3OilJPexBm-lpdFUB8uJEU66wxNHBFSnQ96LwatLd3jbRUIRkySiOyIoIXKLb5WMqPzCWNY9IvsKiCTw==',72.0,pending_list,b'gAAAAABj8fnZiB_Nd0kRAfLPzd_SgMRq44C188yo45lZJeqOEdtdib6yND8Dif9fLw4mokIrMk_BbD3ZYt_SOVwJLG7hSX9vJw==',2.0
note_73.hash_brown,"(2023, 2, 19, 16, 43, 35, 221437)","(2023, 2, 19, 16, 45, 57, 637000)","(2023, 2, 19, 16, 43, 35, 221437)",b'gAAAAABj8kQ20ZzyWgvBJ57N4oO6rL_5yxknOQoxgJ-YfMCMVrPICz-3uQKk2E0fquAmzeUhwqyfuhxHkJuLiX27AVDWSW_C6A0pQa0gioTGxNWP-TIu6DMRg_D6oDAeDYOugVX1ABL-2l2bVB-gVfcu4wmLjs75Viyn3Tj2gSCPc4fR83vwyOf1vK1-LExKBVc-aRuxziRZX2Z_GpXr_3lN2RBWhGr8eobtxi6GirzrIxSKsckCSPM5cvcWomEQw2v8FkuvuFO4-V6IJ3HrniA8dh7djZsS_g==',73.0,pending_list,b'gAAAAABj8kQ28T0UFligXpPw71XFXWZ9S4uT8fZaN-9FVdR2e62M8lQd1Yz-IXg9MqFqE-8UlKTUu1IkuXFYNT0fudL3-hCJdg==',2.0
note_74.hash_brown,"(2023, 2, 20, 19, 4, 30, 409154)","(2023, 2, 20, 19, 4, 49, 617419)","(2023, 2, 20, 19, 4, 30, 409154)",b'gAAAAABkGMa5SOC0TrVSS47iYjRCTrbMVV1IVToCHyb6SCGL73uCx_5-FJd9mgFdlHXML1lpUrdcFS9fnQCI7LcTounFp_6Daxo7P6bxdBzsapdv8oNBrwdHo8wB04MQmQWUNtw6xd6YQ3twi-oO5dptk9ITZVUN5e_8PgJj9IxWBDVKOw9H6EnVlzvMIJ4piBTf-S7QP5JR_8voSDC0Q_qTTuymhwe6Ow==',74.0,pending_list,b'gAAAAABkGMa5q0B84ggdsSeheHQdG09RuXl1131o7CqLOFDrOntQiSHMV4UwEHzbOQSaaiWl1aHrm6L5fM3I5uov4Whyy1G2xg==',2.0
note_75.hash_brown,"(2023, 2, 20, 19, 5, 31, 473584)","(2023, 2, 20, 19, 6, 32, 911514)","(2023, 2, 20, 19, 5, 31, 473584)",b'gAAAAABj87apQCoXnSSttCsXNEDNC3ZwFH87l0UG3NeZAX-_A4abnWHYxxMx_4AgKf08kud2m-kK65FlQYhE5wis3GGUndhPNBmR7DlSaxVNlKzi_HQKEqUc5l_j5kC3rF8xujbcGxU-heZf3KIq2TpOJGIVxtYGyZvHD0uA16wMDhgz4riXWJEK0EfHwQ78pkFyNf8DKPyx6FaU8Ub2VeEsiyrCR7-NeoLRDdmWaQf8rwp5V0y8Zfk9uMONECvNsyAC6p_Jx3iEcY_whqVXMe1RqBB_JRcLRecWzPiLZTkm5WLTUgZkTiyc7rimICBTv8WA9rWyaDT1rLwDtz7VBuhjGmDBdbucEA==',75.0,pending_list,b'gAAAAABj87apK4ff3UtYQrSN9e0fWpU_1mNXEYO6wSggkKVtdTLafqDwQJ0PTvWOTYEGw2FT3-4iOeuKCCdbcSnFULNVBj-4Wih_TD6xSvwzG02N-Be7RFE=',2.0
note_76.hash_brown,"(2023, 2, 20, 19, 8, 8, 119537)","(2023, 2, 20, 19, 26, 46, 195588)","(2023, 2, 20, 19, 8, 8, 119537)",b'gAAAAABj87tmD-U6pck8mgjhGHX8qkcYGNb79v_lgu5tVMR_U7zl09k3uKlqo8NwK7rGdfhaFMOrUgVgZWxHUfr_SDK5pMcAQZczWNJXFYeiSUrT4RBJg58kTD776ZyGAX7Zkd5N706CsJ76QzB1nlkJIpccZkBravAYTR4229DTmd9gm1UXQySkHOMvMdQ2CYZRevzGQZQQWb7bpvRWRoP95U5iq41Yhy4OD2QdL6RFPJxjfK1KAsezZQFi_8PoxO1R1aY79e_gNG8AYnzCtU13zUU3kxw5QOypbXyevYKngNVaKG38dCY=',76.0,pending_list,b'gAAAAABj87tmh4IXrqzv-yoRyUGXBSwYDUl5e3_fh9UOY7N69g01J4qVD5TU16dfVWYjx6gSXi6mVUJTKMKoaTgkhHEd6K-QTCc6vUEFQqnYnMw43W6gefY=',2.0
note_77.hash_brown,"(2023, 2, 20, 19, 20, 26, 484771)","(2023, 2, 20, 19, 20, 52, 309927)","(2023, 2, 20, 19, 20, 26, 484771)",b'gAAAAABj87oEPRf0vwdD20SIhhuxtT-rM1MqWToijwcZB4aLA8McZmdTNSnRek_U5dJ96ljTd4uNIREigHhVbpk8Z3-Adn6wYVF2e5EMK4fEIQlVNED8XP4peBgSTVHAFfzRWJR_ybSjx5plmGB9DKOBi4vfM8h71gKIxqkf410wgD1LMC3QGsVpnoTjyt1Hd0kic5nnXxED',77.0,pending_list,b'gAAAAABj87oEw_N42QXgJgfBjHkrj7UNTGUu5YLYz_u0uBq1l_yMoHlrWbDUYyipzku0WdOr1alF5E5PmfiT9l7hV6lh4JNTzs7qHQ5sr-qvbDAV0K7tZ6o=',2.0
note_78.hash_brown,"(2023, 2, 21, 18, 13, 3, 132346)","(2023, 2, 21, 18, 13, 10, 875727)","(2023, 2, 21, 18, 13, 3, 132346)",b'gAAAAABkMyGCMaADaipNxbcMYzKzHQx500BwnhmbBMxtNkFKXbKFjTkwKz4FuYJVWm3YQJtWK7eDs4n_N5aVyTIviNBnPYsKPg==',78.0,pending_list,b'gAAAAABkMyGCZwRtso2nmqKMUHXsWBo3WSZSWnpak29NJ0Y_jx18mB1KKR6NpGgYQ66dPpJWZhPdIwpwRqkrsMi_Hyjxrznivw==',2.0
note_79.hash_brown,"(2023, 2, 21, 21, 0, 36, 244707)","(2023, 2, 21, 21, 1, 22, 277151)","(2023, 2, 21, 21, 0, 36, 244707)",b'gAAAAABj9SMTmOt7Xf21UWySzP_aaQxjEQKunWDq2fNSjfk8weHw9TpMT4q0bQjOosIwjZg32Eguc7kWBHw0ai3V8PzEEJ9a2jQNS95Fm7x43xa61Wqc3fK0rh_tDIOvHAAOsuRUCvj4Qh7XI9cRBoDuH3RyrT-6LDsb8RYmUC3E08lQHjVABq1uLtiifk5UR-UhYHb6VQJyW5IpctvbEwMbs3_qnIUMahKiCHXY77EuqOkAVJWWCHEBLt3LBVwYXyisR8mRNc4WTZzU42KWMkeGaurPA8YFNBZsjbYiUWNtL8TZiWsy-hM=',79.0,pending_list,b'gAAAAABj9SMTnArsxgH_fnVapR7P-NOuibh5wRo7oqeZ1X8VdLc6SBXA9LdHlXrod0sFlyJdhougsAGPA9OrDjoTG1HX-u7rIg==',2.0
note_80.hash_brown,"(2023, 2, 22, 22, 42, 45, 344355)","(2023, 2, 22, 22, 44, 26, 775875)","(2023, 2, 22, 22, 42, 45, 344355)",b'gAAAAABj9oy7egXFGyivqVwCn8d1z_9mye4zbTODbTgwvJIkUJBP5SBGVMxBDpsgLHBfrynEms_r1Y23FaxQf9pOWjKLrxLHaTMOU1g6IvyPaFgS0U_08906ucbOvib5M8YgmCxRdYeG18--IIihnF0QOHnbJsGk6w==',80.0,pending_list,b'gAAAAABj9oy7I-um-zbf_yElwKKHt-xx8BSF3rYpFT8N8rUWBzUqkN6obseT0CB6-IAtuNQhfq3VYI4cmTpTrmzykIs3C649Lg==',2.0
note_81.hash_brown,"(2023, 2, 22, 22, 45, 15, 7331)","(2023, 2, 22, 22, 45, 37, 840311)","(2023, 2, 22, 22, 45, 15, 7331)",b'gAAAAABj9o0CuUnOMX_S-AyAwjdaHYvDaFuQsccNrZdyumVRf_TzdtjkTMUMs5iG4BVUiRZoEJvHVOr69V8Esbo8T0RBPWGgu95cvFFJuLL4_xyfB5hHyMWo8fb04T0g65S3dnyJEDNYQksmco8cPt7pSs-oIo2m6r9aIE9FGczTiNf7-4ZSdoD41qJkUmeCRE6_SghGrhUX03oXU9SSMyYglOwg6nN5HA==',81.0,pending_list,b'gAAAAABj9o0CPTnE0FPdrDppWrFLKkjK1kfPFysnAzQDe6wWVrWjq71tWWIw8V_SQMRDHmSlpmxQ6bFbN42w_70LYWSA_agdVw==',2.0
note_82.hash_brown,"(2023, 2, 22, 22, 49, 30, 440183)","(2023, 2, 22, 22, 49, 40, 888196)","(2023, 2, 22, 22, 49, 30, 440183)",b'gAAAAABj9o31NTgsjjbnZGJnBC5fq_IvWvq8X5LPMrNXSks6wLlS8csGlSH368L49DgygkVDAIq36-n5gfeGc0gi2_MgSszjCN-kzpLNb9hxCDfpUgCkVQV6kciNyl-HkhYDaQh0IQlU',82.0,pending_list,b'gAAAAABj9o31U0HP13KOjvJHgteYW77aCM1HIPmajEldZ6HSUZnQBFYZvK_2ygCCCCBPa4jXIb6sW9RQs6LivnEnszBgxgXGQQ==',2.0
note_83.hash_brown,"(2023, 2, 22, 22, 52, 37, 239112)","(2023, 2, 22, 22, 52, 50, 767357)","(2023, 2, 22, 22, 52, 37, 239112)",b'gAAAAABj9o6zzmby70eqdIMxp46STElx6TK5tISWJSGrqlYp-VwhhptPvbXkzCKvmvu6WLtAuWK4kx7j88Fe0k5SiF-KfPBHqg9zmUD-47fnyUv-63T90-v9-iiHlab1Jex_k7e4YQq0cn7Ba55oj89LPjjCs5UxUqj_2KSws33JzbOPRuGK7lc=',83.0,pending_list,b'gAAAAABj9o6zM61bEpyMYn6H1lAca993-oEfHM-3Iv0rDtvMNMn9gpGb1di2CogAAVViUS-gdzxFyRITiYmDJh0L8mgBwWDotw==',2.0
note_85.hash_brown,"(2023, 3, 3, 23, 32, 10, 771073)","(2023, 4, 16, 9, 2, 43, 382225)","(2023, 3, 3, 23, 32, 10, 771073)",b'gAAAAABkPCtgZrYV5mOuNqvcSoJAnKVEZ8WLy5X1AqKPB174GDrTCvM70Bs1JmNxenZDstp8aYjur3ZZw_4njSjJ4_zMutkSlZ1xycqFREVdx0wkPQN241k=',85.0,done_list,b'gAAAAABkPCtg5UMILCoOG9eLlG2iKH4Bj4V2DaRH1kHtlDS_9PMrH6y0t8XXdtWiZK3FElil2GNQwD4MIAyFBahb-hTDalWG0g==',2.0
note_86.hash_brown,"(2023, 3, 3, 23, 34, 32, 674589)","(2023, 3, 3, 23, 35, 55, 763568)","(2023, 3, 3, 23, 34, 32, 674589)",b'gAAAAABkCQJcI6PILuhhDmUPYyteTH2tTEFuUyQCYtUhQY8k2scW6MIx0zP9RQjgPl4bma4Qxs6hiKAmZ29aAjrWd-B6u0admWxg-4cg89bibU6gpGL6l8AbD6QMDm1GFWOj0-POxr6u',86.0,done_list,b'gAAAAABkCQJc7cvczTfnxV220vvZEFtuYzTPBexFdTYUkdqOQMhe4ZFynu_GNPIpsIlfKlycEKkhXcJDSreuPZ34-Fqi4l3N5Q==',2.0
note_87.hash_brown,"(2023, 3, 4, 11, 0, 24, 170676)","(2023, 3, 4, 11, 0, 28, 859814)","(2023, 3, 4, 11, 0, 24, 170676)",b'gAAAAABkAxa-9UzeotkcTv18XdlPjlQ8ajPx7lMjdy57wPWzBS9GQNjYgYxBYaLRhkd4eYkAVSWPGTIV7BT4KcFyatQPRdDFPziGPqzI6wGOc8UEXpERgCqmbG2Ks1dk2mSmpK31UUudQ-0qpv7ctJlKxJtSESSlbA==',87.0,pending_list,b'gAAAAABkAxa-WPboECT8Jk5oKtTF_F8tAo7F8vc9bIOKibt0gQep7Fk9fvYXxCzwSjXRro2h5ThnSc-3yWWfm9vAUeUjxEpDOw==',2.0
note_88.hash_brown,"(2023, 3, 6, 22, 44, 55, 130233)","(2023, 3, 6, 22, 45, 2, 121134)","(2023, 3, 6, 22, 44, 55, 130233)",b'gAAAAABkBl7fALhecebZ2IEr1fUw1WHdYCP2djJe97ZfsngO_jVudvMMR4Rkb_2iWW-i87RzSRSr-Vn7AyHiteh5d8wAgz67DQ==',88.0,pending_list,b'gAAAAABkBl7fupKShDLYsqXs5pcHe3cNAiVDbqpso66yR9xmLgCvqSyt4_-ycl67k0zyjy1ag6ghPUgMFI1xavaBCIqFGctPjXK0c5X7dQeHD1yDyk1qctM=',2.0
note_89.hash_brown,"(2023, 3, 6, 22, 45, 22, 378566)","(2023, 3, 6, 22, 45, 35, 887741)","(2023, 3, 6, 22, 45, 22, 378566)",b'gAAAAABkBl8A8JkICbCOX34pbJbnLuEqAmCaTHzzppEXc0ur2lVgWKpA5YkBYBMn63TlDCspbtaoNWsnTaruSBydaEWw9_yTN9G6KszBx4hPGJ2gvIagOYZ7DAcAtiTzS6hljixGf9PV',89.0,pending_list,b'gAAAAABkBl8AKLaBlYvOjVWA43Rey9zc74d8Vcf8pNRxn873SSAWIlq8cCdGHBvvOCe03HHj_SolCjKOSVTn_hrKYzYiQOJqJ2VWB493apncYMlxu8NPDuc=',2.0
note_90.hash_brown,"(2023, 3, 8, 21, 40, 37, 996099)","(2023, 5, 11, 20, 31, 19, 172551)","(2023, 3, 8, 21, 40, 37, 996099)",b'gAAAAABkXhEVc9iZGdAM0SIq_vcyq5QHCZceH5svbg2Sfq2mKc8ULDAmht7lx1cRvZX3vhJtk7s4VMb2bN-sHmpatCVkGu2Q5QPsZUEQnI0Ded7aoRafKQvTzSJnwH6k9h5NxHVlJPpvooLOPY2LykbPfBKQCuapZt20SqIhGBTCNEzfny-X3cAnIHlyPGD4warcZKYJjP2ZVet_adFdxrgBPoaepCv35WpJPeVNsDfFIuf49fKd-_Q=',90.0,pending_list,b'gAAAAABkXhEVDExV79mEuI63kbW7_qIFcTRVAj9PShdoNpaM9ECKHcvoCh95sNiqOp_ixTvyfkp71tnXch-Vwqfftn9Nbf2QVw==',2.0
note_92.hash_brown,"(2023, 3, 11, 12, 58, 9, 466699)","(2023, 3, 11, 12, 58, 18, 574447)","(2023, 3, 11, 12, 58, 9, 466699)",b'gAAAAABkDGzcDyk5xfu-kU69hsqSfmPDaDE1tcnUimXZzAkyyyy-CJWv2NOiGUPeJTvdJ-bUWfBlkcYrcgxKxnC6Ki0VoGUVxw==',92.0,pending_list,b'gAAAAABkDGzcnzM4zBpWSqECqo80vkxIEJ3dbNhSJYHFwK-Q7KtGgCfcY7_Q5_AjSSLm9SLL9lHuO9Ev5m9zjVSmQO6Hj2X18-4-UlC6dspS-wrBvYBgrT4=',2.0
note_93.hash_brown,"(2023, 3, 11, 23, 1, 50, 151223)","(2023, 3, 26, 22, 27, 44, 981770)","(2023, 3, 11, 23, 1, 50, 151223)",b'gAAAAABkIKrC5wTO1_l1p92MA3xKpLshqgX6EM4s0tlqnQ7kdbEegCDOE1rN016gZ7Rj3Q2dndnZ-97WCnfYVmLhxJrlcYHNnA==',93.0,pending_list,b'gAAAAABkIKrCxLW9uj7d9w7dDlp8X_Ga2fCdk0JC9vTrlKxjWdkLw-AgQOPWJW6TmvxP1oNfinAQrOqWVmlOJt7zp8vOFQF2QOAmnAGBggtn1NvSceyFrZM=',2.0
note_95.hash_brown,"(2023, 3, 12, 9, 30, 30, 485113)","(2023, 3, 12, 9, 31, 14, 736811)","(2023, 3, 12, 9, 30, 30, 485113)",b'gAAAAABkDY3TBl5upr9gVZFBEuMFN40gZ0Jy0oDkXfNQRKVB-J7kOeoRMmResVzKFGL6vZo5SKw0GXUCxpn8Lh6yGb-XrfRv5RwLkGDk4PZQOi8V-fc1cy0QWjJUF_Tg0cezWfcdHcMtOpuRMxg5SXn3uUEYdE-23OQkvaGCEprZBR7M2Phh3VUNV5cBlGGc7WAMtOAYrMd-',95.0,pending_list,b'gAAAAABkDY3TQgzsz8KoMg4OZwqJYvzSIzSdqjFmkr2SHxlQBYF9zSWfWMJafl2eEHkRud7HPCv7VmgYu5Ej-GGCpBGSaemCJbSIZ9ZNyehXxBIb54LLnGU=',2.0
note_96.hash_brown,"(2023, 3, 12, 9, 33, 22, 933046)","(2023, 3, 12, 9, 33, 43, 224127)","(2023, 3, 12, 9, 33, 22, 933046)",b'gAAAAABkOmykWE7XTXixhBy0pxx5wFcOQ6EokM6RYUsjBe6yZ5yV-l4BR85RsXHeRccQ9OeOCvC6Kq_3rlBZje1imKxNIxgbGTE2NAROorQykaJ5GKzUpP8=',96.0,done_list,b'gAAAAABkOmykd1jEf9EqfNNOp9N9srQOFki1-T8NJ-KCcp3jTzHOQNeL3PteMW5osCo8j6C2NUzuS8PC3icgWkaIb1IzMnoyScvSQfvgtAvWmEJvEjmkDqI=',2.0
note_97.hash_brown,"(2023, 3, 18, 16, 15, 37, 3765)","(2023, 3, 22, 22, 55, 15, 159954)","(2023, 3, 18, 16, 15, 37, 3765)",b'gAAAAABkG3lE1buzMMDzcekfrnt1r_7D7N7uXaJvUo50nYk2LWlx2-fEb9MAitL5qojFS7P4HbzLXDkXdP_AEtQ8lUGRZXhxZa8qfJBGquIoe2RXtBEvF9IHmP_S1kCpLwf4wI7Wi8qdwW22IurEV4bXkuU8OmPW5jJG3E3sRdDCSHPDGNkIGLSraLmKt7WmuJaSTG3TjTEgFS3MS3BvHLjssMu9TEDHdh2ABFBDgY9fpqapVKAfKAY=',97.0,pending_list,b'gAAAAABkG3lEhxnYr0TnKt7wLvVOYCuJVCZtiSOxp4RLTUpePtnsXv9984slRcuBdkjMQ8sBS-LsrUK_i9-twp7TAbmr4TWdzw==',2.0
note_98.hash_brown,"(2023, 4, 15, 11, 18, 14, 873573)","(2023, 4, 15, 11, 21, 39, 229212)","(2023, 4, 15, 11, 18, 14, 873573)",b'gAAAAABkOmylzC43GdUVtn1foutPZQXjMoSTcoTauJJWBFjAG1E3Gh1mb4A7TsQbq_VLaburfofMAKzFpZ2UQ49SDtSkQ1bHMpCpV47dP_o-6SNDSDOZwJCJllWxmUH3siy_cIWFD51ZT0D7xiZJUAkBL3QqvnJZjwMklF9N0cg2RblC9_Faj74TkFpBTq9nYrY73SN9X_tTY_fpD_dmIezxbkxjFZ688AdRv1EOgouyCz25RIm6gWW_xnZ4lhFyZfTbCwzkvP5ne0qQQSKkfp-hxYBIUW0YiCg8wBjy5VA9yd47ZxGNXDhpkYVWei1GLHI1r1l1QSPppoldB1yltXjDElu4uL5z3TG5c3E0m107N1RAPu9a3rfoG9t0MY4QefOzPfsgtjPBkUJhVvSWsfVavYgDllMc38d6b4yQtH0X2Uc3WQgBA0N3zPWsEhAuiXOt5lIgF_QB5KUoa8i7TzY_HTdwL5V0CSs6wokWGw-_PSl3ugILekhBYEvYtfu03CNUBOFM_f9l',98.0,pending_list,b'gAAAAABkOmylssQxRA-W_RhrfFsGfeDxJXIQEE9j08SFPsErfxf5ZsxZF4qTph56Oc2P-hdg1QAbXwvptfg6ohfU68CymGHjenhwV68nGpVKj7Hcda4vxB0=',2.0
note_99.hash_brown,"(2023, 4, 16, 13, 52, 11, 738614)","(2023, 4, 16, 13, 52, 26, 284758)","(2023, 4, 16, 13, 52, 11, 738614)",b'gAAAAABkO-F6U0f1OfBdDaXu8zfLWdOX5qdWfX2RfVlNJ-zFAvaAw8w6qpmYPSjHOeIBQLV3yJ3nb_9N9lpc5K5aV4GOTYrZ9td9Ip0VlwJVkX5lah8cLGE=',99.0,pending_list,b'gAAAAABkO-F6jr0VaOdUnD2wDp4hL0NDQ0CZIrQyDQP_SSt7ZaySfOdpOFhbDm15qQM8Oz1XEKxUrMKCuSTRBI4fXaUZI1RWBOYrVgHIlnfhQfAzFEXrEZg=',2.0
note_100.hash_brown,"(2023, 4, 22, 11, 55, 3, 190796)","(2023, 4, 22, 11, 57, 15, 957608)","(2023, 4, 22, 11, 55, 3, 190796)",b'gAAAAABkQ698Yt_tUy_TNnCiRllQIzNWIFS3FoTLHtdIvQfY2N-KM16i9mF8esl-PLOtX0fxyXcWevwn9BoG0hGeb4OdcpeTO2uPjR5XGJ5PcQRflbL-zQqyGfWfnyGJxRV1pLtNvtUwi0ol6a7nny8slZDVb16BHFa4ppM5MvScM5pg9A73T6HLBLZN2_VtBUAwTqgDgINfEY3XupFud1s8Aciw9Kzx6x7GCLC0B_qmEvKhjSH3iIM=',100.0,pending_list,b'gAAAAABkQ698Jxr5Q-BWNJDLL_s028D3SofaOaDLofJo5HOsaKtVThqhqfnMM1Iw9ay1z0dCIqGhyg1M-gdN70Rdmf-724Xp7ZFIaU4qG8Mtsl2lp0DnMoI=',2.0
note_101.hash_brown,"(2023, 4, 22, 12, 52, 11, 383601)","(2023, 4, 29, 12, 4, 37, 390285)","(2023, 4, 22, 12, 52, 11, 383601)",b'gAAAAABkTrkwm238AJ2lk2kaySVVNpSZZTW7bS2CJAaLrQC-9-jJi62wLgcjtKMgIgPFgmOTivj4Gz4dQUcNR9sqxXWNnDqDUVwnSSSi_mXzXRNKIVUXmL8DDDRXEwFQyCn34s02KfqzbemBzHnKkgQJiOyJyqi2CX9-SuEd8TmzA482A1gKwQ8ZyNxX2V5oe8BUBwMP-1BI1UpM0OVDKDXI9zR8U6T7JNyGLZ9j1EUwGrsiLbsdhKpIRLybleeqRrxP1CtnSLRa_RsY_mnopVRAsU_0jDEoIQqFHEgubqNuKjlZCkH-ZivyPkqPGhwKe5L-q7Y7t1PEafYiGsakNLeJAokS0TvANjBXq-JqVLPG8USAxrUSDT8kdZoHw_jYmWlHGcHL2-mK60h_pUeMZamZECE-dPxTmGQ8XQnWuh1uU2sU6D5UH7QMtacetrSuz_l13XLccx2YhxLpa6OlntbpD0zM36U9hAa7dpP9L1ZMQKZPnCJ2xKjOKzlE0tTLoKZYjEJAFAapXf20dyoqFIHtENPhydFWWgiO6COa_6_tCOfU4jeaIcM3_PF8W7xdy2Xy4on3LllZvbUk3p9s__GBoQ9Vpo5TOMsMlzXM38UYmkV-TD5zWKLVqbyoCk50oA5nLZDwlCH9mT2U_p6LPtoBwdxp92P3sgO_UUNP81bg9ff-KI8t9rZ3ZVNd-7wa4UlUVDxEol_E',101.0,pending_list,b'gAAAAABkTrkwZnSNLpSjT-oET_9w_Z5TWzp9S9Hk38GubnhhluvZqpTVPAt41dPzacm9ag_56vPw2ixzQZ3R_uVF0ogU5DT1mQ==',2.0
note_103.hash_brown,"(2023, 4, 29, 10, 28, 2, 709702)","(2023, 4, 29, 10, 28, 8, 813710)","(2023, 4, 29, 10, 28, 2, 709702)",b'gAAAAABkTNUZFaFOlX_MQ0OrJcbJ8Obtb4ZL7gByG7RikplZP2FKuc285Ur49YkSHsDPSMqBZl_KuYYzabmRosefdEMSrQYFLQ==',103.0,pending_list,b'gAAAAABkTNUZYkLmYyJpAM5XrlhPveRyln-HDbR7cpa4nHD5uGePH7_0GKB7y5VF8Dv7hpZhF0PybkjbGXGza8kdbAZhf8GxXm0p1KMDefN_T25CPSgGci0=',2.0
note_104.hash_brown,"(2023, 4, 30, 20, 53, 27, 415030)","(2023, 4, 30, 20, 53, 35, 463038)","(2023, 4, 30, 20, 53, 27, 415030)",b'gAAAAABkTrkwDXhWw4c_ebWhKEGMnsBElTMrn0-puGlu2BorC-aoZHLqVHX9fvF7ra6S60Yhe7kRB1aKx36gnw6Co9UsvLVYOA2b8b7AkIDkMLWYnuHB2_wO6mPlxYDSyWnO-zLsT2951uP6Q9PS_mOOH_woLL9Vhw==',104.0,pending_list,b'gAAAAABkTrkwCMUXU3qdv2DQw4I3VCTfJUMBRRbWEvkZf2G0WyBvmhxGWx-c_HdOaTUYnl8AGTRZyiY9rz8F5hRPsfxJ_JxHpA==',2.0
note_106.hash_brown,"(2023, 5, 1, 16, 39, 2, 174988)","(2023, 5, 1, 16, 41, 17, 446496)","(2023, 5, 1, 16, 39, 2, 174988)",b'gAAAAABkXTSUI8KP7c__kBSorXLgb0G1gco6ZzlfHgJbd7yhIpmA7V4-Y65ooSoGu9Y8GTXaC0x_DGh-0qJagG3-ge_Q_E4itODPqU9QzgRk8yuIje7PWOBcSGtiHAzkMOPzETHbJu1wI1UmnAM6LVpE0OY4uIUvQdWy93EleR43Mdh-ecKFvSf7gJQKEXUwyJO0WmoTfhZNpYwF-XDuFxHK3ttMlUGy6Tqxc6DKKi4eCIxNIpOqcMQ=',106.0,done_list,b'gAAAAABkXTSUN7fwMmHbZbvIWprmfAUnlUyMOO_avdX3QTh-ODj7yZ63Vomf-BQ7dGRoYJmnh9ra-RTujT-Vg6G1dO2qyCLxVV1YinWUaH3IFCUO5fI-Hy8=',2.0
note_107.hash_brown,"(2023, 5, 8, 19, 59, 52, 495016)","(2023, 5, 8, 20, 0, 2, 101329)","(2023, 5, 8, 19, 59, 52, 495016)",b'gAAAAABkWTijkcC0c5q8bLWKQDKbPtTwsWzUuZItpCcQGTUi0Ee2HyhWcuZ2vnMOnV8vXM7oMR8z6U4hEl_6PqE_PkAAiD09Snqa60vLxYFfAo0frGrWQiD8Egb5GHttcpxPA7tB7JgF',107.0,pending_list,b'gAAAAABkWTijSik0Iy6aIQvtOHrAVPAqHZ_wFIujngm5XUcZyDt4YrMcxu0mAga0sHupKJnsppgU7iSEbQBE4uyeYCP89ZKi2d8Wq1mKldwPvgKNaAn1g3E=',2.0
note_108.hash_brown,"(2023, 5, 8, 20, 0, 25, 342313)","(2023, 5, 8, 20, 43, 6, 233064)","(2023, 5, 8, 20, 0, 25, 342313)",b'gAAAAABkWUK7n38hv-x5edBiKiGVoxQd4U2mS24LrCBgHZIeU710YzZJmmZyv8Yn2YR3v101k2SRJcc7l8J-f1NRdVQjD9ntkODVm_l6yyPbvMBvgYw7i8-a8KMNxDXoyVKzqDfTQSRJdqDEh3WebB9VCHocehL3tfM0iQxhQUSPXF715EZySVwI1rGjH88oim4qqXERrnYAnNVFiqkB-kO9dJwfDe70E0J8l-ohHUht6U0roBZwiIA=',108.0,pending_list,b'gAAAAABkWUK7cfEPvGP4mQ0rZ7xQjf6WVAEIB61iapEhspcrxzfRdpsndlGuue7KGODFHzJqi1lqk7waqzm9fXPxh73t2rLorA==',2.0
note_109.hash_brown,"(2023, 5, 9, 9, 19, 20, 122174)","(2023, 5, 9, 9, 19, 26, 643274)","(2023, 5, 9, 9, 19, 20, 122174)",b'gAAAAABkW93LqVyhY7bpGBPYQoBrN7LUxgKN5TFiPhseLIU6W6NncGAJu0O9zpWAtoKiP9QDZgeDqyxtpA0nVEh79E32FTVdwLRDHRY2y-sMcqgXN1ACkQZk2YjBooz-_bLtwVWFGcGN',109.0,done_list,b'gAAAAABkW93L3aH1rYQvdYegNiUSvNurZQZ7zUtv66g5l4WLiaA5zgcBQmBZhhW8NEvwZggS7XvZXj4JFo_mJ6VpyIpiz3Lakg==',2.0
note_111.hash_brown,"(2023, 5, 10, 20, 8, 51, 505899)","(2023, 5, 10, 20, 9, 14, 297002)","(2023, 5, 10, 20, 8, 51, 505899)",b'gAAAAABkW93Lg36xv0omK9ymPRmthqxRvqD-gRbHDGljP7qQXiOdCSg8QsHEhAS71Fmk2MEHAo5Bzv-50DfhxAHWTD7jMhmht7Ac2co8oeadaeDOBzzj922YjPEuWdnRw4D1ZvbhiBYAeE322_OOjCac0heHNjlcdA==',111.0,pending_list,b'gAAAAABkW93LAJrMAbBjUX8PKvAFKYjYtAf_ZlLk9f854vlXLOyOWggENdGIulexdiLiJQ8YCv7jiEwyt9QhQYgZXtre4yIh6A==',2.0
note_112.hash_brown,"(2023, 5, 10, 20, 13, 38, 262362)","(2023, 5, 12, 13, 51, 25, 50428)","(2023, 5, 10, 20, 13, 38, 262362)",b'gAAAAABkXk3EzB8NY1yJhOMyZ-7Q3ZfUbtr0kaQxn3D5by2qh-jJoWDfKEkbYjBwyt196YH9OXX47MlNpim_tp9lkmQG8VLRGdVG8cTwsyeOpr_Ivy1Z_KQ3IoeSFQGK7O5v4HAEZ9Dxjq9rR6FrEc_Y5RaxqCxh_FsgqE7htsXXSIsPlF_Ji2mVygQGiKhCp-xQcRINT9uDSnaH1FZpJkXs-Wk1sXKeaV9E7VskA_HZuPoWpTDDn466lvulufFPOKpmzPnjXv57EVJURLDt6LLdpVw4zL-OO0ZkT8FkokPoGxFwKNJ7LFry5mQUYW98V-BYme9UWYA8',112.0,done_list,b'gAAAAABkXk3E3e_OhPpS24JWQkquPw7IlKienZAx-sYKwezxNFOrYS8P_1hZTa2b0bC4HEIN8RDlZ8OpiaVLakK8CWlZRDll2F1GZYce6SoMfNUHqOmOKbA=',2.0
note_113.hash_brown,"(2023, 5, 11, 14, 25, 40, 441163)","(2023, 5, 11, 14, 25, 55, 220781)","(2023, 5, 11, 14, 25, 40, 441163)",b'gAAAAABkXTSUQIVHMAjpFIIGKEvqQrL4m4H1_b1R1uOgMbqnlvjqtQ_b8kSATz0F-zRtiMMP96D9-1j9G9lBvCYChm_K97gNI7hZLk3MdSPFPREX3D1C1T6fWilBAaMJNVbZD0DWo7inhOeW2K83_bqPx2zVdE0FiKw7vjXZr2YRkfaiNN14FqRY062CVo6SMsHzTcFl28oa',113.0,in_progress_list,b'gAAAAABkXTSUXac13tV4u8F-AUhpLuEu5NWZtsxeom4oENi-U4Wum3vrZdfv3ZG886E_7mAPGTCn9nd4YAdOCNHc96m49O3gqw==',2.0
note_114.hash_brown,"(2023, 5, 11, 14, 26, 52, 814558)","(2023, 5, 11, 14, 27, 11, 61681)","(2023, 5, 11, 14, 26, 52, 814558)",b'gAAAAABkXN8fBDkJTXRrgNGRRmbK5ZfWcCeIQXZtep5TO9kEA7EIBN4cPIHt-flDjfTTs3xhesB7ZI_74Apyb1auCNXWEIlMp2oMNVduG6pC7F41QrAb_hKlyuewN1u_p3J4jMMpMxcg1hg7N7oNH734S6JvZrA6acsCZ0_DRE4s9pZ19Tz074k=',114.0,pending_list,b'gAAAAABkXN8f6SM7H117ioBTHj7RdEUEP_bvatqJVHfqa2ZUUYjbriPfxVUJAtgsG9iSNvEn170o9NcxwJVAUhGsfjtmEWeFHg==',2.0
note_115.hash_brown,"(2023, 5, 11, 14, 28, 6, 956781)","(2023, 5, 11, 14, 28, 34, 540837)","(2023, 5, 11, 14, 28, 6, 956781)",b'gAAAAABkXN9zfkOnOWnvfdORV4GcEkt-g2VC-BTLVO0dpHxTR6CLDIQEdlTSZDkGNkh2QK37_C8vg_9RMbnu7FUJppBb-B54ZBQpVgYNZv-c2TN9Ua9KpYFiI4WRi_lw-JiEP_8mtORQyjpH0PmgyVM1M9noxztsi6xhflsHJadaEGZK_bhxelL3uz4EinWIBD2xetousEvVZpA2JP3k4iNUJDLyXhSLgw==',115.0,pending_list,b'gAAAAABkXN9zx4rb8LdHhTQFWQccjPTCFIkgGBotyG9uNk55mWFspcJVfgp_95Guk6TaMCO9Zf--V7n_9lYtgG6gD4uoNr_dkS0xMGmHFrEKp8XCb0AHs0U=',2.0
note_116.hash_brown,"(2023, 5, 12, 16, 55, 47, 510254)","(2023, 5, 12, 16, 56, 40, 353142)","(2023, 5, 12, 16, 55, 47, 510254)",b'gAAAAABkXlOpj8td11LKB8SCMQONZ-WEt-bxWdpGZgZU0Nzw6K0jqsF9wl19Cb_4aN1T9mKLm3hy04ZuXvayaacStv615E1Zlq2KrC8ZPcwITsHiuHAHsp_l0X1PpKtAAWYmgAUhVkTnUQYAFO6cGnD3h7AL9JknjTntJyXuTTelBmw1OC3SdtY=',116.0,pending_list,b'gAAAAABkXlOpqNhASi8getR-MKjeYhM_Z0lxf7V3_YMatvWGK8uNq5Z3IIdAKT2rHaURKx0yvfUin9opgUt1YdI5RQTjum9gDaMHOz1_YCDqIEiXcolj68U=',2.0
