,version,id_number,title,description,date_created,last_update,hr_spent,hr_remain,points_gained
project_1.hash_brown,3,1,b'gAAAAABnlLqQhIu_WjEKQumy4a-9JeHW7yUcn3Sqa6Fo3o0RsXePgGIKGpfNa4jzOTSwr1KXIaQXKwgjOduvocOVvYRE8n-w_Q==',b'gAAAAABnlLqQgqLKH-eIyB_qrAGjsHDg6gNtlTit4Bnu-aXSfcpgZu2Ju_48xCto6stcpZU0DAvf-8pI-0Z6Vmq5_ypsWiGck03eXNT0yyv3ZTk1odkokWoJH6L6RaqyklS7PoVeFefVI0pM_dqVQ-1aMkXod6lJROocBK5DltMeet3DwO4WG1yK_ctKSsiHEkxa5FkYTkoLF4P3ujTIgS9aryfmH3H8zNfsEQoorBxpyToOgRB5FP_IMrwUFeNpiVkVL-8_HlYDbjBEw3qDytjTF4M7EFlnUlHaWfEmN13L8lrCVZ9DfdKMR9rYyn1EWjCQFMw4eaVmJ8OKuT-4YWNdVcfpZAHWvCMh6CF-z115uzzMrU72VS9ejkWGaTfhJWTaQ2tRrrLvCGbf21Wyi87IBbcmcOIGuTWkKcpUw01sOxKRRyG6wUEOZ0W-RpEDq9KI5GbUCwA-6Mo8gnDZsLj8fZvWCfLkhep7YNyT_GxoQAwGlYlz5MRxnk3RvYlTJSR52o-h9qZ24XCSZzrbiiaYjPRjJ4zf4g==',b'gAAAAABnlLqQOyDHlNibub7kPHcUXytasJKfGw8QNVaJ0KATr6JGvB1tTYyTAYot0F_8bufNsL1y6-0AIZYZcj-5qXWTMEJxyllLX9b68BTqQhnt-OFshpM=',b'gAAAAABnlLqQ7FQlVyoUS8uPk__w95cAX7sz6Ev3MBQ9yl9fBXYRwDlXI-1e-aTQRRg61pR2YveYdfbIL8CPqB_JE7OydvP4R0z4pKtG_TKr8MC69KGwEdM=',b'gAAAAABnlLqQ0Owo9s4oX485VdU9JEEpmGbTtK_CgifnC0vNTL1IZ2Xo0A0buS4UYPiXfo10yOhoxXtIfcy4JzZpay89tBYihA==',b'gAAAAABnlLqQOvEepEsYj8dykUtTTRS2qt0-VnmjYdd-hu8s6IVLTRQHbJHrbvWpuarmJ42E_lNwuwbOMGXZOou3aqyJTfLuNg==',b'gAAAAABnlLqQosA7oBK9QUOOHaME8D3YPeqeHkq02d1AJ2UK_JImFszC1WYite-cIxGB1XKOIFO9sD4QbtlC2BwyuLCfxqk-Sw=='
project_2.hash_brown,3,2,b'gAAAAABnlK9c0HEzEiYwCcuo1k6zkyK6_5iVFbL-jlFBNSz5ylUz-P6YmebpdkMjaxE3i_jw4thzz_LlB_6mWFH21SaFuU9D_TOkvxPy2Kd5AOwTdvntaI0=',b'gAAAAABnlK9cPJflKK4rA3SfAH3tTHHnVSGLjABTNMKfDBq0JnmliZyxyvDztXAAIzTj3UHH18eHXZ0vUyz2d3XtXrIsInVwvMQLLNd7SCkbe2hth6AwLDtERrdyBqS_2Rx4ZdE8lUX3JaAZ9uIaQVX9-8zW5_aeyCOVX16ufMnTCJM3_vsPIS0pmFTB_TmMQF8SauYZ2hfX0ZWb-mKxNVgHU8Qlw7R-_2SFkLd2rZ5g7nkdMFX-f0DVskkDQhbMcHu3SMcVt3gZ7fNwhWRETprCkSrqUt3jZ-qb3VlhBtKRM4WaCTQxGjvjHgorKhPYtnudseUvSEYhfTOoKVLw6S9bsDs7yjjTJA54u1aQuyEvgsqO9gHLlMnF3j2LWUnV_H1J3xGyM9WZCVL2crejLie2Te02qOW0Ln_3oOvx29xRt_L020H-qz09S2WBru1wSqNlvzuR1alT9CqZXxXTLjfCMangEPiNG-u2uJaqFdJoBf3s1CEWRfKTFZ28ib1c-abjD5sh6iYDftrAHLt4fMr0cqht3xQ1VZPe0XdiDZkLK7OVQ_LBovOx0Kldz17GEj5YO-Q8L-FHzOeDeMlUOzRHGS36QqGqHB-k7Qsn53t3wDOSsPydJANKHQVDDXKDvEsiZ1wW4XPzKDr_xJQWpRv7X_lAh-HtTcG2OeXFzXVSeBOuuXK9wIEAQOkDj72xjQmOiOaFjfiYwM05QEEWOMUDQlQhz75yrHURyZES9Veo5MvqXJdhknHvpmE9O59YZTvEyl9iqzAg',b'gAAAAABnlK9czlGeJcexVcFXjwh_ePnjf74KiEkRQRy3dsVDEyEZJaf4jtiOYxA2C8sfAst9BnYohtdVjg5xpej73bS5FHPIUB27Zn4vewLHVliJDhLL3vsMmBhVupcaxiGxkExYB2dx',b'gAAAAABnlK9cLey939dwGBPIBs-b1K3vNFieXRg-4MD0L_CZyrrF8XkEeB1LXiSrs6kD9yIz4CqGZdN5WSRT5QySSuEiFBvyzp6N_skJX2DBBYMCWDnxFz3wN7jknC6CoKaVnh5sXLWG',b'gAAAAABnlK9ceTl-4EoG3L828_Or5eqEMn83mGGJKTX9GSMt_1cvJThpXZ0LCx5cnBy2pZE9vI-m0D84p9QqdEL3QictR2b4Eg==',b'gAAAAABnlK9cZcmeUl1ZBmcc0itRgJWdvP5TxX5db6H_-3UfIv4uoWVIwf-cUSnb4iXFW_Z3ZTwxrbD4KVSPjWOcsiZ501beQA==',b'gAAAAABnlK9cklZ5ub8LYenZhQuRD_EeIPpQZnEUs0LIGPC_O-mTgiTTBIcjsJDWZACYSMKxg9Qo-gats9Egt4sru6g_putfig=='
project_3.hash_brown,3,3,b'gAAAAABnlMvh0T_YHsG11dEpkS8FHL_XM6V5wVfh4QLRGe_42yTEHznR0zf8ohFrmImakQtGxWLMryQQjlky6xqE2JY-lLgvvY_IN5nA7pYUDGuGC2puW78=',b'gAAAAABnlMvhw0-gupPUioy-nnPKL_01_UXJRX_5iS6ZrTbeN-WRAHG4NmEZqcdUgjdyDDMcyKlXxFOqOu2-ca_4DqiK1jJ4W444aJzsY2O-1QqJM02BfPehcKybkRjs6MQSVgG_VsdSfaaTPDJLgc7UFgbQ4I4-SqQTQKa4PbqyEXRoGwLcTbVLjML_KhZLUlISIxaRxXxt2mT8FJLFqxO4ZLdxX8JtIwkkblXh_M0AW-nx3FL_DIwRM2Xsx3R98UM0Ti9KJ4zsHGCOl8GmE2Zx6SRcLcg95Q==',b'gAAAAABnlMvhI_yv1wmQuWujHLV85wUnQrngPV_XsuPpuzjWnHsO5uUvSnB4mgqR2MRpngqkxJrDCbsx36h-TkFrTBLQQBmAdm1LwQzgMS_Yqs6QDfU6UcYt_Wrwsl3a5SjMDCASIN2v',b'gAAAAABnlMvhdI_8Z_dT719G9NVl1HhU9AzFAlnJI7SkNQ0xF13CO6H22si8diQAUB5-c-RtXrV1FFXP0WmNSa_n5HaYyz3etSUepZ0zJu0QlOn6CqCx9pkwIBcxbce-BFai3AORLCiX',b'gAAAAABnlMvh4wRg09PPkf7aEP5aSZ7KQpFAvrSmtJMaVzvdiYHEbkxThlqUrmFSBI_LBqNFUKtm_OdyIaWv3Ig64WZPJ05grQ==',b'gAAAAABnlMvhUnRiVQMySJ4iEd4ytm-CkfHboKh4AMlm9yjN17wHke1samgAMqsQWYWWRWQsXQ7Pyuw54sRcoZJUole7N6gVqA==',b'gAAAAABnlMvhnveyo7fvl3JVmDVEolamNKrlweHYcyT3naoJqM-e9YR-kcpr8k9hLyD42DDpI63lO7Pal6I5qQ1sZ3N_I6oGiQ=='
project_4.hash_brown,3,4,b'gAAAAABnlMIyGyKJlcNDEo3qSgPDPAr94dj12h4ociaSu8Try5vY4FB0ddkmAry9TYGfhvKejtGkbHzDYWlQmNCqO4q60DXfLxgRnEcnzQvLA-dnHJH5H-A=',b'gAAAAABnlMIybBoilXGFku2eT4I-FPSzMk1jxbgDFIAfEP0WrPgfzf4JQvLhK7KrTKvE0bc0Q1FIZ3N6DJ7wTcdqMXlBeEMSmA==',b'gAAAAABnlMIyZhkcJG7Py3ygViKkX4ve_ObnDeUBi1fWp8ddCgsQuUjHwUMzE1yEomhTERGNI7yGyDHCv5epFdY9AKAq1vXGxa5wNC0FrnIAKFVDshWGbHSekRh91xu2GaDMYwZHF9cO',b'gAAAAABnlMIydcxwEjmJDxnc5SuWb4Vk__IIMxRf_ElxBV09ezLKGJAKQQSD027s168IRaEMP6_lrPUcetJO2kQBRFbhx0lGusw0VSf5mZsxsc6IkLDYQVwSjcYeaMTYDhPg3luZ2qhD',b'gAAAAABnlMIyRlSHC8H0OCuuByh7gwykt4Fl_6ikrW29VvfXWr7Tx6250oK5J2fpddKDR4eaBj8OmT-C_23O1voEzDN4jzdnkQ==',b'gAAAAABnlMIyE8TeDh9rsPXLnDjKiU88Ane1-9o8e35CD_gX0aLIzSHN0NOFS5mgHzYExCtJlBNTz3lDdDLBoAss8ovYsh1hFA==',b'gAAAAABnlMIy5YWMR_ejfgtmYD6r9ttMY_v561xY6Arpz2HjychOaaUz8Kng4YmC6221Eo1Duq9emvX9Ous1F8Q9xFi_b5celA=='
project_5.hash_brown,3,5,b'gAAAAABnlMIyJ_68Vx8EtNRhuarRmn9Ifwv8y4sWexD0HWBWYF_qKozN_dkh6ZtiHPDZt8aODn0mC3xUAASLrisS5KYnTwrjfu9ZB2o3t7GCtopRU4obNd4=',b'gAAAAABnlMIymJDVVCnuyou50RztdFNZqWK5J9SlZKpxWQKacJJThIRwEvATcznlNhMLIc7gNFNaqFy4m_DDtMhyM6_lrWj-lPHxcYhLwl8W-4sfNjyt9z-4V4f_AO2wq37DsW1jVmub-8Nnit6Cj9eIXd7t7TTKbYxgqqxytlkvR2Kj1sFf2Nw=',b'gAAAAABnlMIysF95NSJoxDi10cPjzYK9jJzizSFD4UjleSxR_3tBQsbKdWxJs6F7baJNUbOUr3aSgx_ODlMWevF4O0JZFLcMCUEs4ipEsuss7siAoUHQu30=',b'gAAAAABnlMIyo223DSjx0WUcDiNjscNJNIQ3i7IJCHY6JFo2nuq-HmRWk7s7QnYDSP-I9i8fLQzyHVooue3_fVbVelNVag_Vs7LC56kvm_B5QAcnJX64Rpg=',b'gAAAAABnlMIy0qjfR9nG9KJTIK6B3ePlIlAPzSNGyaShEzoow3C_TYXR8OUg8x6GOuz-wqpjJQOxN8ZgeK9U76gQWgUDKwL-Lg==',b'gAAAAABnlMIy1FqL5Vsv75Sf1iEAL0AAF7f2MKfcAB3D-ebqokFQAVHfhDhWaoY8SBO7hqMErMnSsYPNDt6TOvCtnTcI0vfY9A==',b'gAAAAABnlMIy2k8B2LNQ-djcz1CksHh-qZf1slLCckoPUIiH2qVW7riEm1iuGH2Jdn__-EVKSRXZ397thGZyPwULs-LzMtmD1Q=='
project_6.hash_brown,3,6,b'gAAAAABnlLqQzpZAry2i7YSS8qyEnPxikFeehIbr2R8xGx6zJkXYDyN-8akiH4kj0R0JyWieKkID7QywvxUmzYraj5zhLinwUOTuu1rr4WYPYKpfZgserG0=',b'gAAAAABnlLqQY4XIMyWJ3OQyyJiE3GgEGRNcDim6XaNsew6wVu5LnsPUr0NYNOJ4R91ute9oIQhmorpulpaw7wip45dy1I7zw1jeFrqGuaGfMeuyIh1NYYhOy1jy5c1KVm1UicHxMDrbMgqeM3iJRuSxo02xxTNLucCRC_wCqZ4-1amdSGkuVKqlZgrsn5TDhmq8CY8QRmoacJFTQHcXf0S-JA-tMyzf8ZoD5byk0U0JhSlM2meZURzERHEyBpMhdtIuawTx0uJgHS9lu6tO0FXTn62w20-_GQo1X8lCLmqLBnYhXV7Aij2uunGw7BazhnSLhf4EeAPKxrC9gKiHmbOU1AMy3fMnl0wwhbB3x-YDRvGlFGEoLrOJvJYe3Saw_Y18XI0pI3f4J1uMAlZfotKQ0miFam3h28hG6UuNfP0BFimggJCMmajh7bwt68Xm1MBJo9Z5Qeqk',b'gAAAAABnlLqQWhaUHQ59TArdG7FHMZg3fA0qcSvPpVRhrn4cRasLDYfbn94piVau_nF_VvrbocPeaiTYyTfjsXjEsMMTf6Qn8RPdwtHFk4uYzQ_Gk2aynto=',b'gAAAAABnlLqQkhmjKXVC7dAniLZugutwhLJyu9uF-00IptqJvop34uA-vHB6KeHLJZqxUCYy9Zwom_bW-pCxfXON2qmWLrPmlXcrZhy9UEPnsvMVmgSln2Q=',b'gAAAAABnlLqQB8Gad0gSLKny0_gB5CjORhgvv3rPR9UJhSPfqiN1pZTAhTaYaRpS-LsQQjyBKk8MHIh0Q_LKFE_l9s2UFtisNg==',b'gAAAAABnlLqQS7alA1H8dXDSZPwGh4RXM1XgGyXH0r1uisWGyUQQbyQvzlAl0r3CgubU0gWrKdyZaXjmlos-M7A8KTEiVdj85w==',b'gAAAAABnlLqQPAZ4kYujhFY9LdSiQVDiK45gqi_9714OQtuyfVx-sWtyM2gpv3VOfydrBiUxWBjkUflOfdXH-R0LQHH_i-XCQg=='
project_8.hash_brown,3,8,b'gAAAAABnlL42bcGhZ6OhXluFOf7mKZo3KARJL20uQtfPajpw19U6oy1tW8hky9OdoSsrlAmrpoTFRqv8mSymP3bwoHE_izcGDIj7B6pH9gG9Z2At-n3mnr8=',b'gAAAAABnlL42wXCDKYd8xfXGkUCVhQ0qJPxJ_NHp4xHhM7SIloEaeVutLS8I35KKtUR-WZ8XMNEMYdMb9Vv3BucIMhBiGNI1v98abiaTX2pcmjpd5SSDkQzKsGjkURxfDlTSv_6aLhBLMqTdINXA-Xq8NxtjPQIyjiRgLpUk8m6bf9v2iuntFz56VUotU7TgWgRlka7Bbna62FM3ApTvBqX93YLtJ_ZXst-UWC9ugs1uizNGH4LQFY6GpeIJniz0AmaE9JnCCeeE5tXxvzWZZBXy47CKqBioMcEYD4RTl6iiaH7fFOwiN6M5AXDZPCDxDz6Nzy5yfJ7o5-jOI6k3HUpYYdhaBbVrKGSyoV7Rsav0jdXQzZ1ddzSKcARH9Gy924mbP31MEh6tPssFUbtazVarh9Kg3D04fk6o_VpAqB1RDT2ztNuTkMA=',b'gAAAAABnlL42n06R04JNGN3kvkcqPu8dF_GLEgI9qJbsZmysvcAlenuUx_q-Oo98mq_38JBDmr9oCIBiw84Df8FYgTMSlYqAvzvbwboMFg22WZcuMIGcH-8=',b'gAAAAABnlL42IX69GfN8MTj_1d7ZYfOVjPl0D791Ybiqo2a9_ZX3pNrBWhlHrkcD8L6XzUEUHQhRRaB1rqn_i49qMixvsfAlB2EepHJvLqDoiuburMblNSg=',b'gAAAAABnlL42NTdmz4GdLq-0CrwqtETSqBlXMemsFc-r2p205RGh-fj8YldYgISnvxLM3KoOnhNChpR8_dejxGq6VJ4TBpLjfw==',b'gAAAAABnlL426OvU5t15EiGeacyQccz7xJxmjcAAEbFWvpK5UFMsWI_5VKqaodSGvDvquyvI5pYEsA2wmwQW4GawgeoTxHhw1Q==',b'gAAAAABnlL42BH4U5WXLQ_mnHhpApH79T1mwzhqjN4j5RV6NAYYQjpghL_UOQBopSrPLLC1JrGa2pUwjUe4CnjBb9W-XSLDWFQ=='
project_9.hash_brown,3,9,b'gAAAAABnlMsmMWUXxV-uHGuCMIyMOom-6ZegfOhSMoshR6YSdSEsjsa0yYm4Q0TQC7L8qbs73vWkqxh0Pq36X3pTWRftnpWMvkzOZcynm92Kqqoe_LE7X9Q=',b'gAAAAABnlMsm004jCDV9sqPZFCDXFFOeTPmmW1eZU0jI18BPWzePs2xiHx_hKTH1lVwue3-RNRjGdiIGYTAmsfkN3k-QOl-r2Cd0BBKVxGd2zJvyHd9p7JVu1bxA3giVZIEpcGbT8bL0HYIitUH6PrO9OPHFs3aO3tlX2Aqie5oVzBtgo8oj4GgpA_Kd1TfqevhuyQMtPDlpF_4qGJGLvM8-zbvW81YYNZ1-NG-ec0A_Mm2wgR8KcnVVVg_H_lQ2EsWDbdSki-Q4',b'gAAAAABnlMsmxwYEcyTr3ZjtRdDi7qq7THi5GLmvn7vdftuNMacCFB002UNmpPsnE_aWMAvjMligyb88ZeMCUFDepTv18_qgSsum5qH7ugZ2LoFH0_7v5g-y-wCTWohd__rnpXWfNioL',b'gAAAAABnlMsmMb7e32J6UpthvdagJnVYnasgJckGv3aGSz5MXYr134gCc9l2d2qZwk1GOdz5nFfU1qHrqZPTTjjOy8vZWkLFR8Ax2q9Yj5zwpixFwhDBUUwaBWhdgXcm8LoiwWrnFpWC',b'gAAAAABnlMsmNSeQhRgz-1d6w6FvYnPGjiAdHUBANQTL-PcEysqtZoK-mTIeCM6N3XQLfZWzNeRPbWZrW05j0KR2xVi5vrIq9g==',b'gAAAAABnlMsm9wdHMPdzmd8jXHiQlwywNKvdGTPEh4z_YhOaDqfqB9sOFgdUdWTJ9eD4T0f0Q88m2WgvgO0DdMFfPSF1FAn-zg==',b'gAAAAABnlMsmDPX6_D7DXzI3uX_UPw20G61WlMrEXOTFXwcMZHlCFcKkQnPa1Y26x5oVm9PA_Aqzl0tM9bgDNU24Wa_0IlfRHA=='
project_10.hash_brown,3,10,b'gAAAAABnlNWwL1a0dwPE0l-zQSBcQswQgT4NuHl6Pv2cdFz7aKbQrTK0q7v4A6tpIJ5hHtlKi19pa9NzXi3UtAYHvipj-rJoOesXp5C-P4saHVKnqC2x8HGZCtzDMSv0FTZwGXc9HZxO',b'gAAAAABnlNWwhpVO5KDg2OLKU8JwYNXcVE4Qvp5AJZd__4grLGRMWzPeKkZCq1vmDKH3moveS8_fIIaiYrlH1j2jow9yx_xWL0Orx9gaYy09KPD0OUVbWzpZCVxJyC726FyeOtoOZzuZYQQkAgTNNFkRwshXmd6DMQEJPn5yJWR4aUMyzHBkz8TIyE8fYHMxb4oS6Og4CxBMcaHXaWoZz0UvNaVw3VsiNkC9K5fPCpymfamDzsQW6H0-qvVbzVaVDLRKmJzdxseJ9h7yizzSp5nqD4H7WKGcEkt0afIHdr-jjJ6z3awZlfY8ySzIzSNhtcT2DLO5oJ6n2-luaJSgPzwmH926a884BCSqfKc9gVsj8Uv7wJowR8e6OgRJdseQbNYTG_iWOWMhZ2Y904cBsfifmnD7Grb-evriShSD-qEnt7eFcZDo_7O5GYEuYMSoWl6B2KfyHERmXAmH6s55bCGtd2GgkWIMoKdoTaMK4A1HkZmQ_9MkjHDB0AxwD9wjOKR6OBcUVdA1i4eVCGShPykSePRSnG9M5kik7bznjAW6X6BahFDjYAxYyIXV1zyX3ZLN_b43p75Wa19Q_4EU-G-bFATt_TDgyc59eT82OYmxSApby7sMcff79hcjfLLEpugyh3AgZwQYosy3j9IEExlHHkWJmXPQcawk8RmEPoGXNpJ0_BJ7XgvzZavHr9H0emJmJBDAOhPQYVcHNOuQeXia0gxZRec3fVRT8NFemUZjTxqMB81WOguzsPsTn489jucSnL4eU9lx9dmqUdkA0TVP74B26F_B_bB5w6MokzY1kSnAB9iMY8p5ttmhoLiVgp7HSVBQEp5D98dsDntyA9QMiIpolbK5EiIH8srce7kLAn5m2CSEZIAZIhFt_MMAs6oBqYSYX61FYfmvXIhLXywF9ZU7hnSrsw==',b'gAAAAABnlNWwaD8qA6pyJW4yQxPidw08IiwIFV7M9f031j2jj3a1QQRlFCMK0--VCdq2F_Wlfjl1xXGU9CcXTTU_Ei4V9g92afrG5SEGnj81FX8MLriVs28=',b'gAAAAABnlNWwODeXIxk4Ku2jc6DBj1zfD8xv5dUH7OkKBB27MXFxY_2J-EyNi7I9H1Zm8WcsbdPP9EkdX-vESUYbheQXZ9UsFkWCRyEUvOuGicKBQqSV00g=',b'gAAAAABnlNWwSFcZMy-l_UxSYJSSR3wjHlPjMSMRokt5CKb9PMqybOLtHzKfjrvyVqTE03SQQLGkuW-jSNVEHGTfTaCinl1w6w==',b'gAAAAABnlNWwUNxfZLkdd5LUjsATnh3VukibSp5VnYOVXnQFLwmy52bF4nJHn-u2YePJI7kx62BLnAyrp0-VzI3oNMtBsfNXbw==',b'gAAAAABnlNWwMKEp09oBVsLYzeiWS3b_6kwh2_qyy9599EZXSXgX1-hpQjtWBKO9A_Pylyn2szocyebac2lWOG-ICnqT7ahGxA=='
project_11.hash_brown,3,11,b'gAAAAABnlMvhiL0C22wWvoQ_E_5t-Y0mgCt-aKV8RCcogTg7IbKPMCdZusbtOHFh0B66J5WhhLncYFJN1-EeXUo7G6ApH8I36clvIw8Q9dsmmSGdARJaY1s=',b'gAAAAABnlMvh01Hf06iBzLXy730EDr02SvgqcXYAYiPAUd4w2yuCrxWqd6AFO3hrp_SRR9SyiaG1xZwTItWN0RjD5DJlbYJMTg==',b'gAAAAABnlMvhHLYmpyUsWS33NIx3VcMJeD-pgJ_wnw8gCamg_hIF_hboaUY29LoP8NBgduPJ0b6gHdjPbFjYOdf2TfIWDKsTe0adpHT9R3soDQknGBj4Z54SVvuNkxgJw6ix72rtmT83',b'gAAAAABnlMvhzwhbgZKExWDyd29OlNHs8hwVSM0zqchCEaJkqTUVKieUT-JO_glvhqrCgJ-olt2nuyN3E7grhu2PxD-EGgj5xObjfK1Xm1a1m5E9hCacJI-3DC6Cj6QC3WmpfeUMPE0N',b'gAAAAABnlMvh4jJgFHN1Y0qd79xlRQfhSZa-ePWrVb4heIIzoZVEEvqrbgH6pweYE3VUZF4ITASThi2Z-EmPYjomti9crlFm8A==',b'gAAAAABnlMvhZmpGjH294phQkYbHSRRAUytdECZZb_rOEKQX1ezWJgrr-RXeGFgTO6naPKH1EUzq7fqHsdYVObchgrGRrK4lZw==',b'gAAAAABnlMvhcEezqfOEXKlcpyQDaZX-T_8MVCsdR74sHxnjoukTwjltvwhCUDfzSaUfsLJucPZ4vzOMUyOcmR1BK9rjfUcq7Q=='
project_12.hash_brown,3,12,b'gAAAAABnlNWwDdax0YBAdd0l0vYG9nvP2wAC7YvXYI_34p01rH-cdvRlG3JVlHFZ9w2bap2pUujLUuf58iKy-0ya8TXSQxKjKQCdn6QuoseDQxYrugnoAoc=',b'gAAAAABnlNWwe2u4IkKKcTalVOZ73CSQ_Zz1SOjhEDIzCjM9yhmir0e7anwR_exTpvg6K29hX9CDmllH-v00IApIt-lODjqMaN6YYubCAihqjRxLG4HHmJTsjGOoGr0-G8C28xFvvPl7plejjp3Xox5P5qx9zf4onxolKUUhosLLyiPt5MUkmwEE2yVtNYswJvICriU1mRXkvrdeu3Ymdcs3IdsoyKUfRTtzKqntvLVbEwzhrzMibNXcNbFYWbtbU8_bHTS73OWFuHUzDc1aFD3_yuFl6SFQki8mQ_l1DqcnyX_vpcdKhVS54A6dnHJEeUeRZdt6Vaw3vsB2BSrfUzOHL8-WggA3JoQkgA1s5fU_08BRMByki27gLcfgTf6KaRjkQV2o6L7k3Z0DhfgnjHdXXFp_QaWoItgmegJSD-MlIFm3KEQtKTJXahkySp7y2cUo0Yc72NeLo6P54gVUSdayTFonWpc9Cs9-Qd--hUCOFfegoKy047qYf29ecIIW7PRWyXeUmAcNpP_jymISpqz4HNGwWH-czgSYM9x1F-XZf3ihpcoh86KlVC5e00gBK-MJ5cy0uh-CncuL02FxtYoQ-0Uk6yINqHRwah20voTUIL5arin3lW-BVFeminKk5CMT_qVZYOAqwwFuAS1XMOe814NGuLYNKogKoT62BshsazJHVOjrtX2fJruTpG-71GGGTnICTirQEgOsO2KIc4jL_Xn5gUg45RF90LJiLnu5l4lv-SOxbaE=',b'gAAAAABnlNWwvSQ0lYjELle75qXoRHNDrd44DfZA_ZxxOgQBdIgUHPQ2mm6T3h9lLp-cTt3RLzIflFTJpsnAs_C1_6y01K3IhwpUFBzymqadfDbtCxq48QKj-wmjzv3kSjHl5qgV2xCG',b'gAAAAABnlNWwQo8ZyNc7nm7YEjNDxQr5dpjwU4nSLB6FIEw4y0w0z6Hcb0RjCDSBgQPBlcbQ_APc3vjFmg9bNoxI3qBG8HPwCmqf_vqqdMYIEze4Z1caXAi-9O_RdADa3R9ks2RAId9L',b'gAAAAABnlNWwxypBkXmyHQDs4UtBPJubQyMQnXKGrR0LQAIKbH0INWZNJVPdiOsVHrXqHiMcUAGglSgeukRj31uWM747Ge0yTg==',b'gAAAAABnlNWwnMg70LuumcebhrG2PdnLOIPGzgKzUKhk6UAsoexXjYewdpeW63zsYk1921S7M2dGaQf0i3AIJd3hvWlmh6_qbQ==',b'gAAAAABnlNWwtgf15_J4Cl_IHuXwFsebzxjjcPXGodzWlemt9G_09krMdtAA41YQECMDrErE9HcYiPlCHtKQZLjhzPRSMyXFEA=='
project_13.hash_brown,3,13,b'gAAAAABnlNWwZAOIzmSgP0v8bUXukBlSRQvndjnDz7gYyLfYPkYF3wjJ5FMqTAeSXUIqlWdl7Bw-8DIbsGF20CV-sU4JPUw5wUW1KXed03wiD1a6p4l2TDc=',b'gAAAAABnlNWwkE4LCu5RG2s9bWMyeRDO5YDTPxPVjpR3BI9XXesrFaub0xuirSlTDarrshG4fpbhJTCzdRARBTL0GLETSK-RMv1NG51HRjkbsHbXrhbdX8_R2D7QKXCR4ibceaaLKIoWYOBXl0PozT2wn1x2Xn89KwPunTr42kzxIdFkgTLd9aObvN0Xarzw9fHMYb578lBTDKoE8wrz2zTFzsrKO35sk7jKMcfETP2hLSGLeROqgIFPLxK279QYA_7_hrN1zOdm7GIVkGcX6rU2k_hodNwos4LB_UDfjWw0tFMfEtujTTF5C7tA8mXwKFY9EnPfnoiS-fkD2uI5eY6ChK2i9w5Hhf6x7H5Frqt-hi-2LLVx_LO8thKKFswafhowPbZn0ASGusPMo1kJQ0ID6-L9IfzoH8g9WGNk-P4Ksl6adoTx5x0Q0Z_xuCOl9Em7w9PKEM7U0nhhwDk8sLF2E6lYl12LFMje5QIZAhzt7rB0fI862SR01Hiay03afcaZ1J00O7HYTHdjysz6UyDJNSG7lfgZT9QtIRUAh6Z9sY-mVooOK2u-I6dwoHfMIWwuE7bCVAVlcfva546kuynQBi--a_-jLp5KOapJ7h6NMUqjb9fzz8fDZeHjGnPOnQH6kyOUn0Xne53nP852WeH-7d3MY9Fueg==',b'gAAAAABnlNWwTATwPkYgzpNKD-s8Tb0dKCQxZuzGeIDnaBranpmtaNhpKDtuuJtgFapJAApWFdbAU_SvZuioLTRTVdeFwYSVAHKpnXwTxrz0FMeKzcXfI8KabsQGkV9F6pvAkdbLBMeG',b'gAAAAABnlNWwLb-XEoEK7kccHFTKGpFXsxvX3NT9VPmHGLLf6sgaiqLCPxxe02xLFvNYw34HSbljMamG9iigztLAJMX7rw8kQM9boPldWWvHfs-73JUrCMMe9kV6FmvQm524KNVWKugg',b'gAAAAABnlNWwF2TU9ub9zwklODgY_p9EK03rSRai2C0_JHPoVpG2MXesd85D2cxu-UVuSCjNrmTB5a5xo46f927c28upOxGX1Q==',b'gAAAAABnlNWwF7VA5wa1bQfHXiyHaEJDnrT3XFuKBLvhw7IMTg3252hw-N1cPoAhdmw-xQDOfd_aZJZiCPGOiqtwDT4G1XiMaw==',b'gAAAAABnlNWw0go-cxfBY_DaJqXD_7vFoWGtAMw4a6FbAtEpIMw4U4__Dea7f3bnk6O16z_dJbnzgxZZIhID6v8rITKYFxmWWg=='
