,version,id_number,title,status,description,project_id,time_spent_seconds,estimated_time_seconds,points,date_created,date_edited,date_moved
task_10.hash_brown,3,10,b'gAAAAABnlG7bqmYE7dSesiCxrbGYZHtIoScN0tH6vnqMySxO_Do9_DZzyvZd9pvWw0xt6q5UvhZrjhsPpzE-qzPTa7W267jnGAiWVBdAc1IhcgHcnDQHKio=',pending_list,b'gAAAAABnlG7baleCcAT0DcrQNBoyxeX14g0kyMQrot8KS6nDqDYBUWVKjivf9_XtZ5aLjPKDGTs9e7ou0QxO6UU4t5O2DJXowjapFkXoIeSxLosAxRCP5Jb5PSecFDh5eKLxMrXaKmzjm8v80hS03hreFOy0Zt1ha4Ed0xfORM_ZG8Wdm7hzLf7iyfGo0PMLCPYIM2QHTrZeZP19aYJcw5hwzw0DN0_Rcw==',b'gAAAAABnlG7bb0ey1hAzpDFCQ2-VT5sjC-FrrBlh_dsfXOLJll4CGH2ViWn00K7cji4scCOFJCYuGalQZQpXanh0ytv075mOlA==',b'gAAAAABnlG7bvCmTkdduIyY0jVH0steyRQDL-s3KuXEGZeyaj1E7QNIaje1zi73iVRlvkTn-MWvJJdCRgu4avQQ8vip9NfPf-A==',b'gAAAAABnlG7bCvMyzsMGN03fwrKwdYlAgZ-X8xHCoTFn5WBXqR9qxCHoSk3SyxT_1aBdIDIxwymUr3mlxQAJ-vyMFea3bhGBCQ==',b'gAAAAABnlG7bLeFIzyS-NOyOupTHMJnumHStfRibVz4XmIulzmd5HwXT-gHe1M_3C-MehayKfIhGfnS0J_2_KEi-gOtl-yvSrg==',b'gAAAAABnlG7bK1CHXNu-beojUvcricVU95H3e3gw2XPYLYEKNeX_ZyCfGLOcTk9cf2dT2-2Kl_yPY-vo8ZWmayy1xhcRhgvqEGwYlWMp-8hqGpbW5rhAeYzynU_hd1BJXe9BjZ6_t71O',b'gAAAAABnlG7bSZ0371OE_rtrmlsQCzcaszk8AGZVjTOpYT1lfFOJgCiDmE6RvCjBdDuVVqF6pTcOwDj87h0FYevtBa1o6AXk__F6-cJDM404Geemz3j1Jnb3Wi6W5hF87RU-MP5HnW1W',b'gAAAAABnlG7bF3vTcC6GMTY-PAn-JNEgX9-8WB2z3GOk5fF7_A2JtGImvAp967S7z94JsYembWZpiKcgoDsXnuVjLlIqHOjdwzabFcRQqK96hM9GmQFDqZZZ49oKQR997UJRezKsgokl'
task_11.hash_brown,3,11,b'gAAAAABnlGyQT7YZEwBcEu60lgnPPjFLbQd6Q0PFg9HesExkT4w2Zsc6C5sStMKkBlh2k1sRSmkngG3-Ny2CrTmZi1iZLd7feQ==',pending_list,b'gAAAAABnlGyQGBpBtS6qcxyuGD5-f5SPvSZu0QFM021uGES2meTVwdHYJ9ag-NepcjLAofnld6YKBNuOlXUzC8t24miHPjoxqDMQk2kiFjXKuaR7wpfbwPdp6JAqHsJocjhcCfQr-yEmmozXQsWtLoqkmXg-s-w2BL1pOCAnX6IjL4SKbvOcraxpG_ZjgUKJ2hxCIZK7GLXV',b'gAAAAABnlGyQ4gmCCT4Q5bU_z3thJehbtpFJVKgAJK2ieaVEXemAm7L25V4ZSDYhhdCuwu3YTj35S9FC4KhU_YASLQwVIvnPQA==',b'gAAAAABnlGyQ-Ua6aOwh9FuRreef_4AIBtBKFnnBj_dUwBX42zzvQLSF_zj3q7f8LSGXUJWwXc3wFzLmQ7_XrD7Usv8KdOZj2A==',b'gAAAAABnlGyQginyfD-e5prtvtqSOc5oa2oAm6_eXeJhSf71x387z_vPBocLys3Oxx3ZGtOxBIyL0S0bFiI1vKROYRx8c_Npkw==',b'gAAAAABnlGyQpnnXHfBfwQOtqKTO-MoNcyvxYFTHFNoR3Ci5LR8GeJ7od_V2yckr_ivLomeh2NNJTPEDoqmXJhMbkFSjMn2mIw==',b'gAAAAABnlGyQikEeTDpBoOceEEh9af4jm_ZIKFcpI0QtOtqEbWFql6cAgz3a6S2ReO82JETSkyPryrs7X_JLOs0exPnEfoMfs-BcA7JvWEiqzEGOQTXcL9CRpemzSsXnn7kphhAMoevV',b'gAAAAABnlGyQp2kMTxma-B5_j5FMHNkH0amRDMP1QzUGV07LE8b4HdEqWBHGdhOAzXONyRtiCusJH6FNFWrN9OZU1hxH-jpA9I1YMafJEQzqqPXAtHtboWcJ9e4eVkq-w0zmyNf8h-Yu',b'gAAAAABnlGyQc3zqailGYejFCfaV1gSnyeDqjBBZxphsMDUbYKEpl9w-kOqr2pglMigx1bhrse3DzXp0t-mqlym3gtwelOwn7g6rsyxRWYbuuKkGEyiKNgSZiWNGhYjBLG4YUpBsawel'
task_12.hash_brown,3,12,b'gAAAAABnlGyRGL9xSf8iufGALQMO-04YC7NXsKLklM2WRpnDwQhTakhoG902M_MR9j7Ga2Cy3gMuZ9paY4BoD_f1arTtk0r0M6JhpgLpmIMo2UFMF72vAvA=',pending_list,b'gAAAAABnlGyRJbPG-QmT2NZhCl2p3dLAsKIkeO_6mHR-BdkSCXvz3zYBQs1bLoOp6IhO5azMPa5nwD-ioSimBS5uMUmvyn9QpIc-SHjxWJT2_rvX75X6gvccgLl1qjZwsrJHZQMWdmQav4RFdyyEYjIaG_q6ijg-FWISwK_qT1vUCMEXVKa9GOfsq2bzf3U8qryNG7Dqis9e',b'gAAAAABnlGyRXuzp-TjKa4EZpoZkaHcetxiKRqrA5vhTTaFqHBphu68Q9HriD5Ymd0e86KSrAWp2L5f8-IDXMtRmddNNB-AMnw==',b'gAAAAABnlGyRfSQGZM5I94ygGENj74GmgIq41oA1GzanHQe5-iuTNX35QLKr4OGS4OcuNlLS81HLTZSd1NJMKi3U4NYPnfEQ_g==',b'gAAAAABnlGyRzuwrFCagHwSFWkvnJOpIlT8jfIcXlx2S3h8SAMnQSGPLEXvGYaAj0pCGu1p76gKcOrtKlLwUBbtkH59egYLGkg==',b'gAAAAABnlGyRAjx0wQb8t8DZzSWTtUog9zcatf6m_l-Sc4T3A3hVflYq9GMD8Wp6EEnAbrn5ZO6e6iKMmQb3HTmsr9Db04xX2w==',b'gAAAAABnlGyRH0BfBwKkP5DktzJHsfeHPYV55Vrpz8YrsR3FQi2wgjfvwO5R84RLxMOODYJDTn-Ph5xPjG6mGuxRsDkR99MC9NLjZ47i53lQC5yWkxi6sfA=',b'gAAAAABnlGyR5oW5Ob-HbD477njUMFVt66zRFpxsfOiXah7DCPr3S6A88U1ITbiMJJnL5VnzhaCjPiJ_Bf4r6h8O51fW0e8Stl7zrvwZ2SSk-NPaxNzOEl4EalA1DM2OQK_6G0PD4OsK',b'gAAAAABnlGyRS1PaeuIE2WCFu8UfXm3rN1TV_HmKuOoSWLNBNqkRbmYW0i9O7a6-sUrmwQXxZ3O6WqkemI8bCXPXwB89UvRUT7ro-CMzGL1s1Ul1ltbndDM='
task_13.hash_brown,3,13,b'gAAAAABnlKiuWgtryJLmIBgDVD4UdndO1Ab-wgGFdGsiCjzhjpem2hq2MkgSoQIOTYQnVbAUXLWjp22OtsZhAFr4UCVgepmxHvTcCId-7oTublBvr6jvf5w=',pending_list,b'gAAAAABnlKiuZWejmE1PuM6h5jt5LH-ISPESQU0u-eiTgBL3k63w6sY7r1Ljf4ZFqgrwtgCnTvNeF7hqJfJoe_mUemqlRnrgRuOZVLhPi7PAvkY-7X2YVwqPz56_WtMyEbqA_tVoTm5PK9OGyVGRIv-7ZHcI2vcn7_ug_QqWS7TE6WgEVHiqHngaR27cXkHI7X8Pfb5nHknl',b'gAAAAABnlKiuI6_no4nzSRqqBCpshElO9cyV0fVOEqqugW47BBcVgofmGUbmhuxqHU0RyM0nV5d7rlCfdz_Vc7sbvglq9fY-aQ==',b'gAAAAABnlKiulc2FcZE-t34eEVliSTso-bAzEb8qq_1HjX4968mQv6KNlj6YqYth5tgXI5wijM8nKvJdmixie5OvNXNfbPwg5A==',b'gAAAAABnlKiuEIZImrQj2vMX4JmO9ZZ-JQ9RE8neKQhQYBJR54CxnP623peBGe-32FSuT9Yw2QlUE-9oRzQmgj32z9ns1KH4xQ==',b'gAAAAABnlKium8ciB6PMt7Yu-CHmxy39-8t7VPzfGcfndnWU1vX6LFY3zQKV2Sz_lqbdx0WESedvFzgTuMOJR_5BACX6czA8_g==',b'gAAAAABnlKiuDHMZX0AAFj6B-gDGP3Y3uf8IZ0aFcVFKhSFvbJMCJlAaQqIaWb9oMbdYcgVDyWXVbmdlygV7D2iugv71EHAmsJQkoKA9ghDRFXDCS6XolazUxoB-t29hhv3sGrJXQg1t',b'gAAAAABnlKiuzq9vctyCIsLNgOuEauGYlPP5EnWHkJE8ueyptA3sW5rmlOiI9lQphgKzHyZK8rTSHgi2hskM4kSTCKi5M132U7lBJVrW3FVOOglKX8ik2_5w7lpSEs5cNzJejmSQHlff',b'gAAAAABnlKiuePFXRpGMCcJ_nC55WXFdNruOy0Nu3V6eDBX6L1SvFU4O4kmjlf-myNw1B4wRTEipLIZoxaCd3jiFj4cd-3JwUuTiq21J_bLBSfztPh7M5mzw702au28nCIkkj-Se6Oni'
task_14.hash_brown,3,14,b'gAAAAABnlKiu2qxON5NAYNNr_rWFIJGQOXkYcQ98XyZH4kjhoyZ9-OZxX2rLGjWhMNlG8OZVxNnKnSSyd9Cb0mMngmyuFyzWcc72gnPaOytaILAtJQYmzlhxLNXqqEbyrc22jnaCHQ4Z',pending_list,b'gAAAAABnlKiuceFt9xMZi5RlmCIuBdqPEeVeIdPA11EI9mmuI93rtfgbFMqcSF4sLcEa3Tow8YrviROcUiwJ1nhuGI9rAeetrh8AIX-f1InR4G5hKggA1zOjSso3uJx6uXnNtoLUagqAbj1G1PiILp1K7PF6HJV2DNz3vm1S-uu1w7ZUNRqs166L7xuEDm0mwNuo0Pa5k5doTXVU6O89oK6xZnd9XB9O6YdcJyJTy1fmjMCZ2KD8moJgv0IYvC2ct2bDTFGlcIg8',b'gAAAAABnlKiutALaaoZbNtzWTEmC7xDr0F721eP2UspAtbVTaRbUkD__NodQ2gWldcVM1lP8GfBaBP2O1xHNuai7eXhppLoERw==',b'gAAAAABnlKiulPJcEYemk_3kBjjoZXVpcIAoFyCLibD_4DxjtntZMYUXCmTdxxp-zxD0mZ0_pN-VN4m0PbTYqajupuCtlSgdnQ==',b'gAAAAABnlKiuukPVxe2D5Rdemr2OyOcxvpCGh43wm_qZgLnzpTa9_78I64lgGKE39cd20FHTB3sgQ60CMLuqPQ15bTwuBbWCng==',b'gAAAAABnlKiuzGJN_uBisYmNFZRR8-rlSp6cAyYfBjuUEofpdsvwdwZyqEzWP_yH2mi07VVVJE0gmnzReF6lEVNQd_uN0zsjsw==',b'gAAAAABnlKiuR7SGX2aNDTNViXzZDWKG1zgGeu-hUTDj6bpcc-4iOcY8F1BhiPVnVH_QNL23bPJMV2EM8_De_cdDieucSnvAM5ddYfwhmwla1xeu2FAF58np854J3ifmUt0AXKJzquAK',b'gAAAAABnlKiunpyBArlKfnn8suU6YX2N4qT6IjPi8wvGFwodOxUdPhIs1bHnrR2J85a8Bp0lBX7_1niTxT5zpFHK2BsnsalIZ1sFRsNkRnx9Xx3THIJxGzQyh-52dp6lLRUJZfMmC1cV',b'gAAAAABnlKiu6BxZl3fNKXQliMvCaB90bZ3JeKbyDdYqXdis13mYG_M5xy29RjUzqHuP-9Sq6yzYfE9y6cjzKasUcvxUGUsrMF-H-bXKK4IytgXkGzxRJXHxjBNiPNYTtx-8yCcOEQrR'
task_15.hash_brown,3,15,b'gAAAAABnlKiuOtlLck-SG0vl04h-kVGF4YknmGkMFx0IPZoG_GC7_0sKMPb4q0X_TxrdU2IMFn3DMqhCwCxJ9bw2ziAAcT9q-A==',pending_list,b'gAAAAABnlKiu2gyVwwSuOmnkrciHOa-hkIFP9DDHXlaYNgneoNtrj60opkZRVzdduqZ3GBht0bDgfFPTofCuUTzeoj3biXplPw==',b'gAAAAABnlKium9YeZbNE9XOdgsu2B6_4obBdcfCXgId6PViJKZSw11u84FnaJ4G4SJ43iTTyXFCKoYbPB3iOCDHkrG7QCTa08g==',b'gAAAAABnlKiuVzXnv0y_Dg_WHIm19bmIHnQq0ANPZK2k-gFtPy2pBHyi3mTbUcbkDo8xyyRhQBaRfRH4AZvP8OSBDpq638hhHg==',b'gAAAAABnlKiudd0KpITyg5nntTjvGUn6iNdnNmhrwiQevH0rdFtlc_3Ce0rRRaU5oBrbT4u87fae_0qgX5juqAm6_6mYL20GZg==',b'gAAAAABnlKiushLfiUDtZokxV2J50Ehbt3-vULiPAJxeYIkWRMKmAowGabBcfVaeJVpmO_XXIVbrM9o17lBd0rT3Vttet4hzrA==',b'gAAAAABnlKiuDndNGr675cfrBSfwyQbeTRfTTeM4Kx8ykWEhNDrz5b4kHyBrM98q5SQ5oYqaVlbChN-G9_tTM9qNtGjLOneyfrnmskvGhEIupBfN-eD8S0w=',b'gAAAAABnlKiuBtmS62n3i4-Lgx4aJ4O5nFFrS49Xjem1APD5_SSfOOnF5VeBYK_K94aGNggZgNrWXXPjlhKdGevGJ_gict0j0LCGmDO1wvaQ-USR6UlLMJw=',b'gAAAAABnlKiuR3SIkpyY1rmbKcwWjdjNPm2gHK-AWWmAl3sqBignoznTKUpvpJECCuBM9eLWJkc-txYCvqlHCrc1Tkhg92mxnFi8-9tdeP3ykkG00pafBbQ='
task_16.hash_brown,3,16,b'gAAAAABnlKiuqDjVAjX1qjpryLHorwZxR0U7wfTV-uu8OKrg0uOVYuNxItf87gEdLjN64Xn0agQe0tkOZUWJqLiJB_zsVcqXhQ==',pending_list,b'gAAAAABnlKiuAeO2TaCNi6U5fEo9YRc_2c73RQ4G9YAzyE4So6KWZabmoyYNIh_a4UGzruvV2V1bdpaWYJMSFkC6xk0njKKhSQ==',b'gAAAAABnlKiuyWdukRIGmpkiC8xG4wXKsIl4E7c_y7GWTDC33X_c_3lnXge3gqhITx1IsuUfMV7PaLnEavBHCm1cp4mllLLY3g==',b'gAAAAABnlKiuzgKf8x3IjazjSDeiD0xHFaTJNTF2vNJH4Kn4ofrvHqCCG4yWyQ35o6IGpi3gO4rbQBJLOmolkMh801Y6bs-jBw==',b'gAAAAABnlKiuCzD1qsyYyH7HcQez_dyl2bSzBx1zJ4SeVDq-m4RY4COTWHb8V9gs43GuCBeFVrj_mGAAhJZfR0GbaY9DIgdgSA==',b'gAAAAABnlKiuN5oTPNjb7fsMUBASQEeTvn3-97cZ3INtUlIStukO49lU98dfLHUT-zfXCVbWAJDRVFmENw8JMmMkVFdWgSbZMg==',b'gAAAAABnlKiuPzzO4Nld1ChtGEM2Tt9gXyQzIBR-DEutHVDpSvaM1uh0kc8EoFuxYrLy-2K9CpCvbF3ob19C70Q-jC0iuq74o8nmccGyI5Rwls5R-6yqo14=',b'gAAAAABnlKiuH1JCAk3bCekqJrMeOLLNTFCLK69JyXB2px9_Ik0IpCmAPN0Z9OG4kWFBbreCw-nIwygDq0yD5R6zJeaRZMJnyDHgjnIbvCJmTFPFSi0CHBg=',b'gAAAAABnlKiuX4g2HkMiaGUuc2Zv1R4Ggp1TOlTImXkg_3z0CicSMcOxqtSGAzEvd2Ct3rQN2v6mzWneznFMB60qPC9CvDpHi9dZXHcOKmElcNeG1KvJiZU='
task_17.hash_brown,3,17,b'gAAAAABnlKiu3tT_Q_X5uVgrGV-MvJHMp4v5TaIfZSXhAZkzCmzVxQWB5QlnZnpxjEOZB1Oz6FmpuZfGuiY5H1MQOb8gOrb1fw==',pending_list,b'gAAAAABnlKiuG2sIhA7vY956pbHibiQYGu3AfMmJ9UJJERmlnIBonzTeJj0brJfwlyuUDSZ4PTOaa1gaFDZ4No0FauVURDgTmA==',b'gAAAAABnlKiuRedbLPtYtl7-Ey3OoXPkmt7uci14x3AUQRZnJYF3zo0X7avB-6QVrjb53qFW7jQRa5RenXD287X6J0zyqeBUJA==',b'gAAAAABnlKiuvSECknXDWmL-4V8cp3l1RgUvjxkGmsA5owz_raP0ds_6ELklB7gsaMhpQUicmo-zepuRb3oMRUuf8yWxMbmTOA==',b'gAAAAABnlKiukHXTu59zCxsQdz_nMdjWp5WMIVXXVCQfhIuzDACaLj0PewE6kibvRUxElr42HEPZNP7IF7FyKGr8qAkpuvgd-w==',b'gAAAAABnlKiuOaNS8UasnXAVOdU5qJqrjnKZIk4k2LDWi4nZKLCjjXGiih1EZIWmBM_JDQss3oVITk5_rckMS2Hq9jfkg2e03A==',b'gAAAAABnlKiuzNBbTBJyLluHOIfDyuj3Mvcy3JuuWkZnI7raySC7fvcaWN8twI6q884GxXR1xHockXA6LMFFek1fUCbJQzLggm0IiTBU65DfCLXvQ0EmMCs=',b'gAAAAABnlKiuPyEipjSWoHe98CyHYv8qCy4qfnK2f-vpGQQqAONzswV7if683s-XywXSI-DutnyodohsPisTfQ28w-Z9kd7lt3OzKv71sjeRUM_qF3dUODc=',b'gAAAAABnlKiu0WKPIc1Gt4C8fjLjhzupXoIz2irdC6EEEGDhdKgw1zlvETwxo37Ob3cEXlPa8b1vedxBQC0wZwfRxy3L46m9JE_ffchCNJuic9utEnMKdLY='
task_18.hash_brown,3,18,b'gAAAAABnlKiuyFuE-eQpVNRpjVYoT05kS4L0fBiZyh4uiVLKZfZxBnIFEZrWI6GfgAf1cHnGMsW5FavemrWRsByeDgtuagmJfA==',pending_list,b'gAAAAABnlKiuH2-u8Oeb4f_6dk1NnlPvnna6mOcfM6VBXMhtNRH6RoLxIHnfgp-zswwkVbn2yZamFkhcYaw-RAVuYS3e6rNOCQ==',b'gAAAAABnlKiuIEkuxX8DNZnUlruaPSTP_M5SIuLyVOCFYR6-cNp3NyMbipsq5K5TPuOv5XIs1J9GD_Z3y-1AO53g5f3AmGR2oQ==',b'gAAAAABnlKiuW63f3-fbBY-UL-sGzIESKuh-pBd3gCzOnE-bMJd-LhB-uVlSpgbJsljmx0xP_Zfehc29U1UcTQVPbdhM0OOK_g==',b'gAAAAABnlKiug0ERMYavof4iA7i-RXpGntWWD1UUcsw9tnhKH0xtynHXYC2ei3g1ElNKhoQV0AhL5xdZPVNyi2M8E3diLfaEXg==',b'gAAAAABnlKiue3IFS3qFbZhrMHOVjUfm4SBv8gwJY0-dcWZicTVJtkFvbZTjNHhVHbGjHeR6lRrraMHTDXEM74quVHy61xCWUg==',b'gAAAAABnlKiueEAYdmdFhv6XLKbclEL2pL7OiULSIpLn6GxaUF79hKJ3Vq2cfRQHqgumgpzoGbwJAXS8-6EnD4_5E--g-NnrzV1NkiixYfORZsyNn8iu-HJ4BjX5iDm6MoMlkeTq0RKZ',b'gAAAAABnlKiuT5MsLF0cLSdntVyWWskvRzkTOxeJV1Ph41jVxl2RA8hNfEmDVHKtgX_y9ZY_e2vWVUkXWfb35CoCCW0aNVGY8uQPOysj2axWvR42-IMWQ32ZuJQZrAAIkHZ2FELGrpCK',b'gAAAAABnlKiuIPJeKAQYFtxi82gci_Uw_LJbdgVrEBGivr9s2KQlUuVNfMcxDAHGGP6bpGo1v3mXwqoTltJR_e1c6LgdtdQhPUjdxoGQ4efB8VJ7i9XsUucyGJe_85rHl0EziZOaqXdg'
task_19.hash_brown,3,19,b'gAAAAABnlKiuIQigZ3Gel2XBUQ-yhObdc6MdrJ75h2SJryHKb3evMjF6gTFBzoRuBqr0i-WitYLurh91IpmuiDhuF6nMr_q2pQ==',pending_list,b'gAAAAABnlKiuMzaKI4up1gdTfVnO6w0bodqvefOxW1pw1kqLJ3MlNeERN8dE4qMhHDTvJnoAGt4WZF76WCGWYldMt17gyBSJIg==',b'gAAAAABnlKiuQoSX67JZVBaaNClvacG09Abf7keFJ3hkiIB-6mJt0YpIPqkgRsiShn6cjZTOS6T8cEZWhQlbtUC4o43tTFLyBA==',b'gAAAAABnlKiuQDp1ZCSBB547RvtnOkNFTudhozYIgHDEtbO3hQz2kEK-CLbyExTrt_cC3Jb5fqUxKKU8fiuCpynIa25DGlOrVg==',b'gAAAAABnlKiuxO8PAcb1RO4DBFOqhLjm-5EVhggDSPd5aRHc1kpLYRM3Xc93RMDLKQz9nn4OH6jAnYQUt6KpQPvwKOCtu0AvjA==',b'gAAAAABnlKiuVctrZ1baZZA5WE-SNg12olBmwJv9p7fLOXSI6MCN5NJN1e75DnIJv7FMzJX-gUKdih0K7Mee0vgF3ojc8pNZ3Q==',b'gAAAAABnlKiuq50oncLef-Prw0PIT1NrQTMN_Q1uzy9q8ri68d7yd0VhOwjZdMSteg4LWUqbVQzpHvkvJovnaFUjT4xSg5vFZTP1sYwSK2iqh2a2eU-U3VWjFYwB7_bKASloCjoGRY5c',b'gAAAAABnlKiuXHmKyJelbTX_E-79BeXtPfwemUQ4kIwWJwvKZApouPvW7zcHxn7n_Trvkba4Pq9fWfAFPVAA-OUNRbJG6tabgUbTX84ggirFevqgjQYc3r-WX4Y8_M5Nbk55NHBTi-sc',b'gAAAAABnlKiuEkRAtYIQuFCw_1hMZ6LkAqmL0jWKI15a7kmIPC-jHO3Z5Yt3UucNA9Tn7jSVMQUEr9-_5l-Ys4jLbNXmeKPQQ0-lFA0y9rzT00duXYo2e8ItyU_6QObFMuD8KIwD1wTW'
task_20.hash_brown,3,20,b'gAAAAABnlK5UTwL-rmGbuK_4jj5HN6zzjQAT9VOLHYFMSUBmD1XiKplacpc26_vWFx1-zm4FWyB6Lq4Mk63f5l4jnm3x215shkbCqJHx44InI5hDo-a266Y=',pending_list,b'gAAAAABnlK5UOl6ruaf-AFgX8O1IM84OTY5x6CPmYpy7wCYYu771NcqScpyLTTL_lgh2iJz8cQVHhCzVKyr0XQ2tIh4KMjS6U8MIZqYtiXfY4hLWy-IGteTZq3Voh0nzgs62v65mprtv',b'gAAAAABnlK5U5qzrEwwpNxWo2KXypF4x6LaJC1cAXiZ_baZ_40-TN9AX_sHwdApBtQq2moAp3PsMQpHxY9xVEMqqQPFNg6AotQ==',b'gAAAAABnlK5U_CdC0XC5RMd38hVuD8y8s-xDratokmhitHHc5W4f0ql1ICpOFYA1RqoqLXatpJExAPI_AMVPofyiWltDelW7KQ==',b'gAAAAABnlK5U9l67BmY6QNJgi2bKihBRi9Bslo8pL5uGQd890eTbhjWL6q7BYDj9TToJ3EVk3hyexAeygQMmZfp3UuCJUaY6WA==',b'gAAAAABnlK5UdeoMBE2E2IFrU5n3Qbk8gG_D4X8RGz-pI4A_Jnuo7Fo523xe-B7dzCDv3_7f4PqNuFypwSlu7KKa9wwj2_KQiQ==',b'gAAAAABnlK5U9gqQ0GlnQY-Qv0TPSmmJZwYfSeeR1FfpfMxSo-vixGzfeOf9PQAHIUpc2akR5tagk6TBZl_xosCsGwk41jofEY6j249Hm3ZrTC4s5SucXvzVakAIXG1nzDnZav1CBj0Y',b'gAAAAABnlK5UG_9CrGL1vEwUxXE-I83BZKoFH0YSfd64z_Q3Yphz7SPZbFlArjynHm3YHZm1547ewhmSOolitRzADncShFSikkFALY8pWxRRMqXXZZbxy3ot5uiJ3NbMr367Q-xEtVMr',b'gAAAAABnlK5UcEN2Ac0SiRpvO9qzB-N87UO4pWHzXvRlzGD-txUk8Pzn7dhvqf0PqmDckeJsE0_fj50E6xsC8AJxz_D6rsmPr_r5Rei1urISM0FtrcrwqWtmz1olJLz7PD4Jqn_WdChR'
task_21.hash_brown,3,21,b'gAAAAABnlK5UEaBnbUpvpMtxw75nzsHBW3lck8HMm-T2yBJPIedizLatA-aS9xCdN1vC7APhO5rOkywG-0I6qBPcHRFqyG3avXxU6B9v23XQDW_-2ndtwNI=',pending_list,b'gAAAAABnlK5UIhJHNztFvESFNWAud9TmWyfpu-ZrXLtwxXLwra1f9DHMtKuG6UH5CNyftjfrPU9D8gdHX-ET3usYg-wsq2_PjdjqKRYypUpbjvyQhnZ1bG_1fP551Ar2L2UG257l1z0_Hgo8O18wQGoFG7cWz6kGnE2ZPlUh1osBVTXIAr4zU5wwlv4UsDDAtp66sZfGpRc-xL4MfS68A1XdC2QHOpYovRFVgaP175sGzEC43cIyd4i3W0Bj5bCq5NfAvXazyROMYEev9cxEmiP6jS3ImkOMNveRC0-IoiQ6l9RYqxJl4hO4kU-Hd9I8BwXQ8g66jA2XBowPHxx7YG-7tVmujJauHw==',b'gAAAAABnlK5UqrwJ7RrFVerP-6ze0NZHHBXiZoFUTeuiYBmqF6fGWb5TBNtG8WAoDKA-qlzlLapvwBt-MfTbhrsJCZD81tZa0A==',b'gAAAAABnlK5UjptpVOcWUayX-N60BapxCZSXUG8w5yyYgxyqDI-vpJmBbFsiY6C8mKyPb-m4269F_QDpkjR5wYagkZ7ZlTiFHg==',b'gAAAAABnlK5UIn_84443n6_VDR9eq8rzRnrVOu5zmOMU2GDsBaqHtAi50I1SYjjr9vwAJSr-pyDDYH3unwrfFgZ_8MZowII24A==',b'gAAAAABnlK5U1obNJG7u0lpW9VWTCBxafMaoWLmqM48ypaYpSxZsF9d2DVxHyUtO18kFjzJdviyD5h6lJ2EyDyjdR20M8SUV4g==',b'gAAAAABnlK5UgRb10OAMPwVTGW--aBtkedGQ_Y-O-l-vVAWsAMau9EjFpI-bWQXYwIRW8WIS583uS5bX68BxscvQMG9EI0F1HXIR_7iXzSlXjVsmxXovL6xz-kSPd6w4D-1MQt9g0_9q',b'gAAAAABnlK5Um7izHOcmPFpyaNE_Naw1bbqFa6IJVhOXhdb8ZQnCbec0W_UQ5xCrRD48fcdI6fPgcinIAkKplfn_wcrC2vvjWbxX0q4Wii8IN9enihdE0pk-rPjClgayijbUo1ZfLFt7',b'gAAAAABnlK5UjjN5bWC9Wad8ZATP3D2Lm0KjLglgJZAcFY_3RwX8PZB-r3FkTE_I8-97wA1hns6AjBCgZiuSuNckwIGf6vQqqsRfh68S1GJuPKtsV4CCF_x-WLwDI8w0DExn9AZd53DZ'
task_22.hash_brown,3,22,b'gAAAAABnlK5Um1Lvz2ruS7OvFgHiedIk8i1tQS20RPTlx94XtlTwaVMC732QkW4TX3VpkP63lVh9OQ_0cpeR67Uts46LMenEmQ==',pending_list,b'gAAAAABnlK5Uk9GR9FK_o1S9yE4zP8TsaM4ZLHuJQ0uTxVVEoxP1mXsHmIhlY9l4rxWGasd3ZfbIq7ROmMFZnl7eWOcHgXt2Iw==',b'gAAAAABnlK5UFDYoyD218mf2QPY6ikCsDfsuJQ8EmjzbDhzN_JaDpmjjzttWJUxe5uOXAFA3Mnygdd3G2nzqnZ7GIquePUuptQ==',b'gAAAAABnlK5UJOB8oiCSMY_DxwrQpAG45m3fHoGXuDJuayb_SaSCp5G88sAAAQHJTU7EZx_W9B6wIIAG5otLChTkZir4gSMwIw==',b'gAAAAABnlK5U_Ds7InN1HM0uyx8908FKaBp9oe_scDnmyKQjNSAt98Sfk2NdQuCV5zuOvARptmpZ2iwhIh5XmXtTB9fcyMLbOA==',b'gAAAAABnlK5U4Vpimi84XYlHcjUJVQEh3dP5u0n2oeQ9IIccO9v4MKcqUjViV724rXHLAhop_KBRog1_6BQQ0ROg7tqpT_Rn7w==',b'gAAAAABnlK5UL0yCi4MrA1MV_6Ft0BJilmVVJRxCxeMwe2ycRhgVViwZq49BLHfnJdmawZ8hI_od4r-a26Nnbn87UP72dHmWrb3-p78CRVE54B2cji_Q_Xdjp6UC3OzkDjz-X1mqguIn',b'gAAAAABnlK5U38k7C_dWw-TqkbYMX0UNdiWhxgPfJPPbL886YTq84IJw6mb_0Ks_Qrq6lu_g0zUONRN3ydm_N5hVyHMsJ_P86UxAnaQj-pc9ZglsjuLlWX-6wQvILYGnsCuGVw3lR_G-',b'gAAAAABnlK5U5SpPkSbBPRhX_auza7VSbgp91ifxmDvjjfHpq50mHQMkFPaJ7qafBeV-3m6Tz8i0qrgWevMs9mXC-7SuoRabTbvGpPILJAWTVqfrZ1eQLC2mjcuv1jTq58GbdsnrfBJE'
task_23.hash_brown,3,23,b'gAAAAABnlK8sL6D7FM5loy1cW3TGiAkmOxNrBbhlckSUReS5pfW6NWNITA52nHhBQiT3YwSKbS4uTl_KHPMXSndyap2rlMdhMw==',pending_list,b'gAAAAABnlK8rb1M6nbALmjRXpGY07aEVBZXkg8NabWdwANeNRPdP3Bfoxq_xVq3ASerJztbKpoy793sbq5E9pqdgXKEiR7nBzA==',b'gAAAAABnlK8s2MjbKhVVfxBTbSGkdZQumLu9628sthr98P3euzQr5nlQ9LjEy7dblaleDP8G_dYSIixWIzUo1FNWVxXBrYhd5A==',b'gAAAAABnlK8styjmcUhbOCSlb0d-krgmQY0neMbgXKaACYtCgOP3hFD6t4w_HA6_4sA6s3VBH5rwyv86jWdfPhxsKVno4pXh2g==',b'gAAAAABnlK8rp5Zn-ZvGvgbAcejFU7eQpv0yZAcKdKjj2LX325tWw0z5R1rvXitgbf-4sKLlgRT84dGckhz3mUZFT6W6o7Q4Pg==',b'gAAAAABnlK8rsS9IxDSVATubslvYrZ5ckqpn_3o81ekpJzxgnLKnDst14LZZw5OWIzuK2BpKK-_1_ani6u_65gg_r84-rV-D4g==',b'gAAAAABnlK8rBFi-FXxAqZ3Hgd020yV3qYhdtGVbchzsTPvvUUwyknDKRT1ZZuDpMLvuMkmUBa-URNQLbVjOKjtzD6z7Fc0JISNMRzlpvD6MKUpSGy_LFG2O9s8F558wX6Am7KacMA80',b'gAAAAABnlK8rFnspE1nDikOtl4zPOv48TCdR41yYTOWa3xWNlUUl9ihGDo4cN-N14A42fHyDVjHiod3-BSbjEeQ9HKkTkLaXbVPCi100bZp5vk0IJxhV256R0r4m2LrFJFKj6h-qzbSV',b'gAAAAABnlK8rgHhfvaVyxIdV2iNziP4Owt4TXnUkTGP6f8-yajcUCkXvAqoKoBB1wAlc685BFykNvMc_JKslb0GED9F5shXbl93LRz7zqmBxJ8MFIabNz_XC5V_CEbIVD_HiCNaaQ8Oa'
task_24.hash_brown,3,24,b'gAAAAABnlK8s1NFCZnZuIjgQYdHL0Y6YtkRQya6K7XBBRYF0di23eMWW0Q0QKAdsk_iPW1PDD0bj_NvK6Szy7DW6uK5onqD7dg==',pending_list,b'gAAAAABnlK8stEtutdPw-TWDjYmIz5w7nGeulEIgG-H09Uwn-KglG2xJzFOaURMpdzg7d6PZXqqvNQDwFOwjIDCxqaOc4e_3sA==',b'gAAAAABnlK8sxC_wrl_41gDmIsVEt2qkuXq6Mr4MJlpXc_jsM01knfpwO9bFbNYHc839QeOSYPBCSXfYsrrFSmobc4O1Ei3Onw==',b'gAAAAABnlK8sCLc9o-LLXma3EkY2h2VFVzXv_KwL-lEyREiLo9tUYEpz2CxkfjpmrGQLFMu1tD8LPOL8Wh1guGwJ_Dc1FbHa3g==',b'gAAAAABnlK8sMyMW6ZPAvay1xA6x9jKJuBSnh0QKNBWF1K4qM8IjVbSdJ8AzZuST04gimCNa-Iov_ZRg_XpEaxDKBG-tmpljlQ==',b'gAAAAABnlK8sfGopEPUN9RMfsxLyOcBnVnGJ0HPaAavZ2bcguCj6QNoIGrlO0JbK0hFmZm73-58ah8qrIgdxeDc0fh1jV2XHkg==',b'gAAAAABnlK8sfop-GWIdjQWG7CUDDHbQSIdJnnq-4BoU6TMy-ZpsHTjCo_45IWOYTf3gVH5g34nVxdEi2EukWeCkLvvL84P-yH99lXTLn4wbEHHou8wAnQ7L30aPCYb6ri8nsUzfHdW-',b'gAAAAABnlK8sh6JBZgv2FdynH2pYbBCPklpHjbaD7p36MOEeYIaum6p2DTHvvlWssOg-0wdxSpPi-b0H2YKuyA5lloL8CfBo4B5D0uTaXXuQ9T0fTNi47g6r9K0tVb2qUuNyWpfY9Wmy',b'gAAAAABnlK8sX1RTI7oGBQKyb8KgLLfc1l3hSSYw9p4AXJXtkXTR1pEdS79FDaD5lDT7fg4QbjjjTs8yZF7Icenk0pr6nboGcE_NidBRZ2zpPPCTeaBx9715chxLkAEkioze1y94y8Ec'
task_25.hash_brown,3,25,b'gAAAAABnlK9cZEYn2yRaNqb8O-sGCSbow5025eWNdQhFvXWAL-fb22Mce7pvNP04uFwFcAkovffO8MZfAcHLgXTEGbbwGfKYx8vBwZtcMaxZYLe5fAd8i9w=',pending_list,b'gAAAAABnlK9czrkmqeM2VHUjWwAiVYWlhkCnuPtyxTHjIoyorv0wf-uRbRsPSijSJQV0MvNeFMTFyjs-pSjhD5QTpYTT0nnNow==',b'gAAAAABnlK9c8YgcT56-vjw7aewcmYumcCEH0c9iJZwb6iJcPgbUM-R17JBdu9ayIpEpKkM5pdAn6DVddqqgyUWshqLNGB1wDg==',b'gAAAAABnlK9cD0cgGAX6x2mHHhH1RU2dAVZ0KEO8lpkc9f15ClEixFloeZ6VXZraSh0hDk4ydSAii7M1iSBe19GkmVCrL5tVxg==',b'gAAAAABnlK9c08L403M7sCCG7LDyfW-SQz1vr3DYF2uU6gCb2o0iAL077sMdwJmN1Un3g4wiX8TJ-u_UWlb1CGRzbjJTq9vjfg==',b'gAAAAABnlK9cfNBN58r66M6KqlFMYCZ3bxe9ATy9PUxJsM8-KEwx8FHACXLh2va_-t53UIl1csfHeuK2LtQtwvRIcFXWx1n4_A==',b'gAAAAABnlK9czdWnC5Tff4qnWW-T-bb1lXederPGSqZz7CXGYiV4rDdWlleWJ69jCI4zQjW4TcJh1JLaXthJsZUhKHyFEHKy1_2ia-t9-nF4UhcxyDCY69bTDEGyBo0-KIVRbZ-PxVJL',b'gAAAAABnlK9cxQLDKoNFWzMirgGm4t2MCXDW0s7KAEAgeiR07-heZ_9fhRdlnifsESxM8tTt8vv3TpwpK70qnxa4P-ooG5eiP-wUQQ6uS0t4RxmgOPKBU3OsPQxGHON2_pdqo0FShDEF',b'gAAAAABnlK9cnKr9sRo8pzm4qpFDC1Q0fdCP5BgOyqiE4f2aoa_W4Wnx2JDZGTRYJC6CQQxzTkoySVsqNZWkfI0W3uvV9N_Kqa6Vduu-W8wFg9yMD6dHazt2GU280JLmJiEf7ZE-M0do'
task_26.hash_brown,3,26,b'gAAAAABnlLezITeyHdZ0TpU4ByGQO7f281zmzTDLikcxaaQ7zKUPi_RcNnhja1Hu_aAYeyLDGTVd_XzlyO0C2auJ_JQQZufX_vEdGeJmZglDhpMHDugGVJI=',pending_list,b'gAAAAABnlLez4tyzUYtDtFWvPumvRB_JzSjqz9QXnErFmjjX8r36QgDHgGUxhYIuSHOGkc7NfdwTyUn2xXpHeUYSkIjYgYO8Igk77uBGYYKbpe9Ufx9ZVCONjKsjSoTr3sC5yT5CIUBuWE3-CmCjJN2JpIsrOJHPQzzQFF82AAWEu1Cf9QbCv5c=',b'gAAAAABnlLezTxu0XsjeivKY1JOtF3krO5d9SdLaqwlZlbVYW1fzQomCfxLKQdiT4NjIAjPURY8PesRXj1cyProfc7DPejiAFA==',b'gAAAAABnlLezMCjdDgfQBBOjEmqpbuvdms6N39reLph6w_bJlNlqP_ZGo3vYDL7HZBetZ7Jy3IgkNIFb1pnrIyqdvTc1pcKt2A==',b'gAAAAABnlLez_DZnBosQtDs-NlWamZOAJOn3x0N2-MsNvMYJ1TKIsXbu5STcocQMpor2C9o5zPyiPlU1970ATippNpmGpGxKMw==',b'gAAAAABnlLezxgi5_gFxEO_0r-g6F9TcEYWhMm68A2rnI7Y5qXcLa0nqn0athx9ctgCKDKmZKimXFwsYdcqM0h7NK5qhxfCXqw==',b'gAAAAABnlLez5lj7P-tYywU3oggIELgmoequyNZGUlrzSBZpdFk81Lc7l9EByS_NXUImEDICEGtnUv8eWw3JGjzNf_xBsPvom9YuIjbHXY_9CI1W-aRnb6qhwWShfMF7FkcJqItGyd1F',b'gAAAAABnlLezwtSEiHLAQDzUfiebKx4rEVozoQhqLuuxbYU68JnNJZBfZLW82RwCC2RUvZHtxuYB-fEspgbYoBLA608dKywDjc5MMwGbbAZq53YEwjm2eu3U58jV0DN1U-M0WBMXK9pN',b'gAAAAABnlLez11_8M1MWKDevIo5PtrTQ4nhxPHWNIw7onf5Ij2XsyMM4n85DICK9Y6uckojOwetpj3mPzA8WEHD6UgrAk6POJxQJxTz_O4qVnIeVI44kaOj9J0QR2N7ix26e64IYtAPP'
task_27.hash_brown,3,27,b'gAAAAABnlMIyZGDyuhOixM4Y-61xQV9H5JMAj3YvDwhsNSH5rZzCktCmDUAA-jbbsVS-3_D19ZypzPzkqt8cQylskGEMlPmTwNzlM0X5iTu2lVJ7NmBzNV0=',pending_list,b'gAAAAABnlMIyUgUCN3CGwzLu7sb3Kflhy6RuChML41DrIR6ojQXvpsqRKqHytoxnqvmj5MJSXxtT0cyEdD8cHaEWGAbSNir2hw==',b'gAAAAABnlMIykMDpBQxCd2ybpRDxS_UcJ93quNMOkwX1Nq3dLpu47Fnjvg-0eEh_wOHqk1WooYiwVLoNHPvZOo6UVLGSiQ1Efw==',b'gAAAAABnlMIybZ1n7I167Igjhasev0Wzz95DeMdTNmnRzCblboi9tcd8Tk3GkEg-4ATs45_4hQI0nRTgS-t6S8REXvxU8OzFrg==',b'gAAAAABnlMIykGzv-0cyV8fb1YyzXbh0j2hEputcCdtbeI_TGYX161793WiV_7gV-qUz7aePywDKT_BaoUXha6fT8JlZ22cjDA==',b'gAAAAABnlMIydCcCgmRZrza8YZtm5muwItYeybLeEEXxJASyGwoHLG_3jJuyMVj7bqfULPkTEmtFm7jDKE_0mS7WcGfazH8Yiw==',b'gAAAAABnlMIyOlUJP-yHeulVUZb1Vzle7XIrzd51J99X5q3RvKHS7u8vn12GbyXD1KHRdHg1_6r0BD4MiRVaLdQVlmtBqrKiVH2tbIfJLCgFES2rW2aBkmwaCOagpI5EnwiMi_5_WOva',b'gAAAAABnlMIySYXHlLVoCSItkiC2NBReU3EMZvPGo2WPTp2Z49xC87gKJuZLzzj1bdRZ39tsbcYEu3zQmOhQI1W8DbFGNZhcu_vN9uzSSBL3MTdp6gYzdFqKGtMORyNLVIUccMmf82SO',b'gAAAAABnlMIyN7hLpsUFc50R8sjVu0L18DT0CBEfjwtzJZb6kIXaynfbPSyxVxM1WtNuM3pj5-ua7iFe2OHg6eOpIB-x63LCEC7eZPBYK3vRE4UHrIK-tdCVdKia0Veut_B5eti4Rw2L'
task_28.hash_brown,3,28,b'gAAAAABnlMIy08DabYKeZGzb97SU9YOhLhWMjE7Uw7UAEpo0PPmosDIxQ0DEjbMvQknrLRj_1qSZGvCgbYTH1FMe7X2eszMBDMIvdYXyhjkkLJaaMM28Cyg=',pending_list,b'gAAAAABnlMIyy6q1fNw1Ogp7tBr52AU7xMqEu4QU73Ju0T4aqTXrVcLOUm4bb5fnZ07vWLqtmENy6oJJG8C8YxF4-zfRv9JTlA==',b'gAAAAABnlMIy26K-JoLBzi7k0uQuMEVUVZZ6xDw-8e00HBj8chUQFtGfvQHBczynVxvFvbFDmXFjhUND4W1Kb5y3Ej7h0fEsvg==',b'gAAAAABnlMIy23M2fSDXWjFmUMeWIxDd8CXaVqwAm6WyxHSPs-kKURysEF-qdFPDoDQ0rAF1GU08dHUw8H7rHtMtvsbnUzRzDQ==',b'gAAAAABnlMIypCMKTCIuV9AjVcGW0cy2_8DnvYFoVnMqbEhJ7t4ixCYDCFh1slJkdw6AotwV2OczauXpcOYrlTpj8Wutlbthyg==',b'gAAAAABnlMIybNwGIqGZulciBW2klorrmqCDDDiMtdyrF8zBqybaaqOnSbgeJi3Ou_eAmF0QlX7_aNLcx6l2mPjoUtIEjue5Yg==',b'gAAAAABnlMIyF1bhcmcsw5wWCECkfzqAZFWko9dNlUvC0jhqkdo9alTUiqOCqegcwPEGlyJ9pHkayVrD64BG18FdJNnFjqBpyyXi4v17Gd2LCBT_JPA1lIUdT5oXTvXlYz3n4UO5Mcp4',b'gAAAAABnlMIy_5rXWlb1Ah1Wy9x7Ufpjb_J7MQr3PN7ale3l03Aw-5DxoHcufZuFiA9j2ubuSffEYzPirk7pSInrWGVccG7CbFmrxUpaTSsgzGBlViuJxk9xTqg0r2ZxaVCX_ZIqc-3M',b'gAAAAABnlMIyHW60Wx7bAfoskJzlGeW5igp9lD5rXaZciBA6mTT3NUhZQ7YGe-Ob-jc5_Zvg8XN0lkeZWkUTSMcl-aCRqAcyWuLidruscZcKl2zjx-3EVaQWLx6o3Qi_gfZkfA6zx3Uo'
task_29.hash_brown,3,29,b'gAAAAABnlMIyd9ZhyJ86G5Bdz-Tho8Z2Edknp-koCcuSMwiTz-WP1KFC9vrddua8gtfBmNDLKu3tHMSQ62BTr-i5oK4wSp56emzvWorgao3hrqFGGwjriX8=',pending_list,b'gAAAAABnlMIymUS8gabsmT7G3a2btxHzS_0voqutRYNQ3c1i6gpjZiRi80uW83Sa3dX4NoVCY1x2nrjGhRYIM0kpaxF4gf3XVg==',b'gAAAAABnlMIynHL70WIodmzJCTeSImws3iEsDO2zLJs47___TL3yOOcA_z5PKACLLCPwJ1YWM0ecRzO-wv1MO86wbG3od4WBog==',b'gAAAAABnlMIy7I3vQKi1qtN6ZpAGH_-XUQeDqK-sFNfEGTAJOfcayBK5Jca73RkjqWciW6f3o1EysEWvlzT7ruWngKtzNnuo4w==',b'gAAAAABnlMIy1YjAbvi0ZL8WVQNibsFULDnsxfgU_uhCp6YeYp9HaeYfFgQpanhHdOdzAhped8yTB5ken3phH5o86qFU6G2P1g==',b'gAAAAABnlMIyGvk3QtFUjuSH9D4RIB6PFFBFVay6yUhhBbXP4sCDly-rVjgMcB2t4QEgSZ_Efv91F5PBWeBeZY6dY49YXc-qYA==',b'gAAAAABnlMIysrHq_h8PK53OsESRkyTwtIC7g4Pbz4i3b2WUjeGYs-VsbExZ201FP5KjorlQ4AvevnBJvSObeYW-594zHggYAP3BI715kCrvPM8wjQMdAqDivieCXggYgS4oIXP2SnTl',b'gAAAAABnlMIytl11g8AAsnYBs876fz1cmnD-lADB8v3M7LvdD24As_ZzAEEjhBM0TZrnF50j2UXIWem65mdESoNe6hJy0H4YI8jaWs650PmLKUboWn7FysJzl5qrRKuiw9e3d62b17KU',b'gAAAAABnlMIyemWboG9ScB6qrCPvwIp21ByDMGc7p6ULKEUXn6xqDn9v4mS0corkt0VSHcpRrT5XiSrpe6cbUxi-m_IoZiFs-XERYO7449DSH8Xv7UMvkhjhuHUUgQEmioOIJoMKz9Ox'
task_30.hash_brown,3,30,b'gAAAAABnlMIyIIBYey2xi80jxaUDbVWqsCt5w4dn7KrPFPa4AZCcrYwWug7XAZ6hIn0zwopomhUj_WxiWdN6pfHK9ij0Jf2Z-57spJca7SkQN0xfB14m9CY=',pending_list,b'gAAAAABnlMIycH4Ev1zuS5kwH4C7sMbyAqC-Kos_XdaOZXYvTc--zfb1v1uF-UYJzdh-RXkftwTuVhuWgE3lmLPt6OM_XQgblw==',b'gAAAAABnlMIyR5vGQVUcCSOg224wh3f30nzFYgEsRtZFsiFW9o3no7HeDU06dSHHOLXfQE0yHZGESa96Feoz2KMPlE7az-SsuQ==',b'gAAAAABnlMIyos27cCNgD4zO8jan9EPevnffmHExMk1gs4ZzJlD8ppJ3usjC2KGRuTIFu9nF1R-KrUKRp7nKMr44aUqEb5dCnw==',b'gAAAAABnlMIywk0cISLpQx7XDE-fXEwAUykfFsDJoSxPu3FTmEbxiStN-ZF8oR6YYEHtE9fhdC_8BYHmxE3FqF2awG-I4iUssw==',b'gAAAAABnlMIyPOOtJg8-8f6jUYEJUFBEaCSzpRhxC8cQc0TexAS3-py2TONiY6IvKClfS6xo86gCLgg1kASLVR5opa2vDdoN9w==',b'gAAAAABnlMIyX7VL44_5GzpTYFIM5KdOw_NKPVmCYIRngUas5APTJs8aDWSgBn4sAiURvkab8zOCOxeSr3DLcz3dts6KBhjzLQDUnmuxyYqdKmC1iK0onkQZ-XEKuh1VlHj8QAnz7npI',b'gAAAAABnlMIyYJ00qNk9Jpgz0Badb-rsT1t_6LGoGVEDID9_1fgjSqrw8O2XZvlQwQxekkZPduwppaK-6cIUft13C40eN5wkDzZq8GTvUZ1mYrSUFvO3KSQz3dBYnMFkir1lzX2gQ-97',b'gAAAAABnlMIy13M2wCB-Dx4irPnVUi_ZNWrIIh98MR7EF3nR-Wd4ZSsf1_gM7rVKIhljwVcSTZl2C9onJtY5DlQDtkyGJHPyafbVt0ivubaYUt4S-RUBNIFAY8u7hIJKfaLiFx4tebEp'
task_31.hash_brown,3,31,b'gAAAAABnlLezKxp4kSJycmUSDuDAoqiG8GeUwGNUSyO_DAg3lW_EtKwkeywpp8YJVHsK5bSk1R6Pax4Rm6BmQJFkmyqqTmiohOD2HSH5NeG5jXTzFhXsxTo=',pending_list,b'gAAAAABnlLez2TDfhyslovmW_VdsX1YVrpE6ZA4-tu_JPN3OCY52ePkUijdh3EfM1Rz1oIs6lGW-KWm9IOtck47qtwWMojVWRY94n2_BpLozefUL7m4skqHzrVqsV_CS5Lzj48BXp12UviqS3ju1fGHZFxtyXyMtclCEWdQ2ShIgQqLwFFjm-Ho=',b'gAAAAABnlLezejMYUPI1-HLg7MC06riVhELtRDqB1KNy49Xtjrswp7PuPgMxY7q-t_kdKayhZKb7svof6hv-7XkOiP8D8LFlZw==',b'gAAAAABnlLezCBhVtBOlgit91E_oK9MvJ6dw6-1FL-T3Lfaip8WoXHAgSR1YPgsZ6lJE51yP-4CDWcHRlbKfedsNRVW6c8qtcA==',b'gAAAAABnlLezLQO5pumh02aGd8THMM4-FA107PCZjZ65lwB4cD8CB8CB-n9EHMVXWUH-RPSAtiis7ByE8UawCfx65sHDiadNmA==',b'gAAAAABnlLezpb-RhWwPGiTFl8w92CqiDJG5kn8lHffu0axVXIm0CfSeDaRQYBk2kmFByOnQzAMq9UbqWHsDOHGJy9AK-U0lkg==',b'gAAAAABnlLez4kEhVyfl_VlLGoSmfN2JohMenorQrhN6K0Tsc_Z8OLwU_cUroCPEu_XQ_ZWdftQ2MYoxlQor8_Ieqq-jjcorWBDufXY4wAzfHqSUqGC15MQ5lGmkbQcY1cV-z6DxzjQD',b'gAAAAABnlLezvPjSUBYrWsRwLEfaJsHqRK9Ekj_fVJWNDkk-xZhRm87QJetM3uF4jKpcL4oMMN7F-PxsWJ7FEhR-bVDPC5TH4KM3JcxG3spZaKn5a8sIY6zyz1KXmR5ZPUDHb8qQnQ-N',b'gAAAAABnlLezCLG8eDup6ztPVV0wJ922z-nhdzi5LV1OwbfGOOgcOi93933bjKDR0zK1Mcblmr0bfA_lWnivYaqtPVClMRkF63jkleC5umXVubxg94t0v_BMchQfssI52XSuJiorHPYd'
task_32.hash_brown,3,32,b'gAAAAABnlLezigJExzUIvk9aO_16BL-NjqUhP3nW6PPdA99BreQtoNJdVFocGBK3STMJtBLd4mVAsmQ_G4YL7sQBx1phWqlCgyq2WH-ln9u-j_Mo8bxaqQw=',pending_list,b'gAAAAABnlLez6XiMNBdF4oehUDd6AjfcHvHtEeluEHM0zjKAm7uMV7yXhT30z-OFWP1mXQavwRr4yf4Y6vqYUchpPe_KtlvaJQ==',b'gAAAAABnlLezI87ycBRpxLaaw39QkIVxSZLq-Zks-yhwDdcFSeDDpLi1PIR8XMQUdzuGk6-JkZw8qeKAF7xLm_TEyt-DL2Ikyg==',b'gAAAAABnlLezT4Eh2wRmE9smH7syyNxWIs75G2dsvLLeAt4wBOxQ4cK5AfNwDO2FM_T_ysSqQ4U-SSgmbi-tz5KJoIueP8GsTQ==',b'gAAAAABnlLezWR4bgiIq3pcZ22UI1oYJ91LfKqENf_zV6LgjiUUCgsQdQC95GfSQUac3YL-bGw09NIys91vOhRUm-WIxVyOYkA==',b'gAAAAABnlLezM7VH2LjOYeKB4RHY34A9jfGVBSFTxDVNhRiol6PG-ZsRD8nZJ2i3qFAtSe4CGuDjNfSxFkIpD1u-lOIB-M33PQ==',b'gAAAAABnlLezbC_JGPhm5KezdV4mAlwTKm8xNt01Wmnrva6nJNJRid5g0FLrD6tzwD0iVGkac8uYupOvVGHj2Vl35TkybdiU6GwXqeLEU7DPOPeDjJVgFqMer0DsPbMk0bIaQV-A9x2_',b'gAAAAABnlLezgKYDUjGPNnkmIYZvrhjkDi16YrugQOYGwaQHH2UyqUwC8VVZU3b2Chxei-Q_VX1FdSfzQAwPvLu1SfOCJXnWxIwlDWkhlqb_cnfw6iZcX_eBi-1uKMybmyxbNHLIowhe',b'gAAAAABnlLezTPleDPEawOUoOD0OtJ1yhz-wOzlwu38mx7J0KuoG-gj0jZpvf_LafjvynXg_32mo0JP6YJmsCHXZvic0RV0RFZfdttH5SQdyneMJYBdsfv9vNCnIhFqqM7R2XiWZyWwY'
task_33.hash_brown,3,33,b'gAAAAABnlLezwO-WNifLwblYkqclIvasa14bhUeJLlr7KeeFR-67MVnDMkCX62Y4CJ6_qa7VnQ7vX7RgNBT6nFBb3dO0UBEgKWewItqt40JmBED1ScJkqZo=',pending_list,b'gAAAAABnlLezozeFv27c-BLHB_hkrjv4Sl-MrmIwbPhl4w2HaUzE1sb1EGsMoDaTG7XPj4VA6n0FU5gT1BQIC9WmeoUBZwdB7g==',b'gAAAAABnlLez0ouv7mqmjGoi-frKubvgvI8thEoI7kplKJGQVoXn3AiW0tc8jViiOBHDUmqXS8z3Rmo5T6ds8BB9aiDSd-HWig==',b'gAAAAABnlLezASmGXBD8bL7N6_2kf3mrNNs2S7H_PaRHcXpRL95P5x7LDZoovRN73zdZnfIM5YzAiHcSteRukHP-VekNvhKc3w==',b'gAAAAABnlLezf8rZJoRB5xlJsUhrgGjbmkjXZ82tY8XYt5Sj9xG7sC0fzE6w0XPgGeNslQwTPRAMm5BxmIh2-Vstg-s-CddPRw==',b'gAAAAABnlLezCjjX4VzltlhxLBfuCry7SG0uADUo-ZYHbTFclyPv0xZ54wkA1W9q4LMp-n5NZgoiG8fDL0FgPzqudafOcEy7Kg==',b'gAAAAABnlLezGxcqEIMWSdLzxtdFK-vhFBlnGwFsodwdjcO4TTWTFh5sNOWP2lr17faJkdEMFWev9oyNZgVdC6-iAF3X26VuFS4y1A6iZujwmTiVXm_vNdGRKRakQtfbtHRMbccr3jWQ',b'gAAAAABnlLez2kmvbodNhaZabIMMVlefi-MyFviyLHCaAM2-w1I3ij61ke6mffF7eXVtzyqWHNMVC-U4pphy4qF8OGQRg-9FfM5EABzR0MVahXadKSI-V4Ze5qTzQrqdW02yiWNuExYR',b'gAAAAABnlLez-t-XAN3svBVYgtVP6-eTA9MU8oXoxMKhNfsHD99BxtdI0DVOuKhIdMzkW3838KFJGBF3Mu8Fvmof9NSEprYDK1Rg1sJTl2YVIIF_u3XcaIsmuhakflqFcGzlxxWDnMtr'
task_34.hash_brown,3,34,b'gAAAAABnlLqPyYAWTyBaLcNelPTOcqISvf5bfNGTCPHa0rvL7owgtI52dww8ynE6SLjISqxwIN-T1nh5npW3fRDwfjCwwzNp7A==',pending_list,b'gAAAAABnlLqPsHz2dz_9u1KgXYFzNUc5rDwXAnW4ZumYu24q7Tn9zcpCKhiaNmGiB4_rk_hbKrU6W0y4Ec3IUZf02Hw1tjp7V3YCayzR8vZvSCs48vrAzpO1UdXBOERtjCps81bnyN8aQp4kJFb1CS1IXo5ffPGcCg==',b'gAAAAABnlLqPNTTx-Q5GWaslNWKiGs131Ubel9j2YDOOTeSJ7WgPsC-_v_5Eg75q4F8S9U3b2d-AbvnlcIImQQ-FmrFugJ0Sjg==',b'gAAAAABnlLqPPZgBx4fqJWldxILw1Wt2EKk8CI_E5Cr4cpFciecUjS02_Yr1SmlLhAsvJvEC3tMNu8gHPOcwtW3PWwOvv8wFsA==',b'gAAAAABnlLqP08ys2ASpZOpfzSlqgFTLUldeDJk5lGJUi8_xzNdxUUpncrtY96tEj3HZH19T7QuMZLNoL5DHjrxZZhqcxkyh-Q==',b'gAAAAABnlLqPUrYeziVRm-uBmo94fZaj4XdsrT35x2Gz7DUBpFwhr4ZQyEmFvbvmyxnH49QiRxBxwNElfnapSqAuFuJcMyslkQ==',b'gAAAAABnlLqPK7mbxTi5ai1ot-Hbw-cbOjAKO0nYkQkESabZYngeB8dvylTGylrcax7oKOr1nqPAhcDDaYR9r3EN4eoNXyIEQoPMOjTybNpaUyYTwuWxw2oNEJj27i6Uwu4_4PgD0LqB',b'gAAAAABnlLqPzeLgryZfSneaLMdg0suq8AMI6FdPIBEqB0nlE5IV9T4t4hlhFwPds_6AQn-Ot0iR3a28Ct_N2e81bHfqMA-47bNBOZCR0fHRLgwoPYaFlCzMsN0XJEyHgYOQHhhOYeKe',b'gAAAAABnlLqPW_vUeOazKyy4k6qlapbiOIaJn4l_trVBen7EN-KwNFDWHTNQyd2773LzNlcB32gFymcAycHODPRvJrH5Hxmtd0duxhsj5x9C40ZSiTztheVV4VUqKXBPn4AhACGzJs6h'
task_35.hash_brown,3,35,b'gAAAAABnlLqPEp0QNe9Glf8HDZuyjZLnN4SKj6laP2eU3u2XrpmpKOzgnmYqWfi_FMwFDQJEFDYnaayew2FCt91Rdf7KRU25Hg==',pending_list,b'gAAAAABnlLqPtg_w0V0yyLmNmKGJNgJQ7JoAlrKEL4txcUbAjs1sgBGhd6qvbBDOW2b2GDr2Zx9PgJ_5GdXAB4wfakBqP9s-a3c014LxQtJFBBGmExtbXWl_mELfmrw6VpScOlPHeOOar56Mzt-ysDbNEoWWomAayA==',b'gAAAAABnlLqPBox0tYu9PBAsW75I6Ny7gKFdCa-f0-8jRg9Q_a0vuu_owyFDt3mwcZjYuBoSbnhZVRSzkNixkE5rjk1lBS_4dQ==',b'gAAAAABnlLqPuZEqULeuC8Ev2NZcif1Is8tcJDJNn7KdwkQXmo-nvPY6YrRV-yhpHIx4_QXxBwHq96jKJjWVe-Bk3Pr0fAnLNg==',b'gAAAAABnlLqPXZ0B5BFlQ3K90mTf0q7PqZ15j24etC5U3XbcL1flxYlykUJbcsX9Nhb9947WQ_8hcLmYMK8rCP_dgemew4dojQ==',b'gAAAAABnlLqPRZRORJKNXUWQWbOEI2IVcPFY1bi4yymS0OMigRQNGsNTgyJ7R9V75i_6Y8-FnVD-7n0IYYOY_yyorV9w0rflgQ==',b'gAAAAABnlLqPqWueK8qvhwKwYW-60sMXjyXtpds1X4nNnc7AUhjsTdwV5qvklyHx7hp8WHeIfeqicxvW87Z1ZWTutzBCLXV8CqfnjajapmWNTb4SNd5i0nvx0tr9LlmrzXdzhk1yizIq',b'gAAAAABnlLqPwhQiCETh3Ouz6EZrmIgL0tEZ8oJKTPeO1hTmjSDvUZocH5P1r74y_IhythQaso1NpBZL7pNbHSExl-28LjXDJUOlwRa2TG9glFLYsL53iZYRtYVchBx5SyP_mr8oN-oR',b'gAAAAABnlLqPf6ffmiS8-FzZfTgv-wH6O7T7U19AOZSzYu53px1OE5UNtY-HZ-eB0xI9KaKMHJwjOm_yImcdf1iqcVGOILkB-rHNwW08u4qWRJPXQYRM4K6cMA-CO0fobzClN1_WrKbq'
task_36.hash_brown,3,36,b'gAAAAABnlLqP-Ormx4AF6b8WOOLlF87pdj-hsJ37W3GlCCQo0BG4lG922SCYNlQPoJix-qjKRZjtoaNOSmCKqnQY25aor9cIcw==',pending_list,b'gAAAAABnlLqP_5JsJ-rtd4BMO8x6bZp41YDX7R5E3xQta0qjgEn9YLewrE2NjUI8ZyBcMG7wrxURgUl95SlOVszu7f7hfe_wqpXN5JcfOvqPlN1_E88NLZQnfv3vNftp-cdKFUuPAK17499QP0l0fdgJfhbj6k9rUw==',b'gAAAAABnlLqP55AgarjJ26MPn0cjiRlo11MH3_dA2PDI4pct52xXF6M_g2onc8DhCMjGBU36Q9EPKqoiaP64Mlt4IYzZLIp6Jg==',b'gAAAAABnlLqPlKunkxUdDhrKzVvfeoJyoGtLoK9mYa6ua4uIsoryqO2V9AiDtO9HU79fax9Z_JQzvGxCeN08M6AEXEgOThGYqA==',b'gAAAAABnlLqPUmYJDGiDU4S_fG6006RObZo0bQ9Z3DVXo7Ldbpe2WYTABUkulsScUa9RGuFEpyc4Eu0CK97HFX5hJL3FzZssDA==',b'gAAAAABnlLqPVyY5li2puzVPOPDYnrqmTEGUsaD7K1nnkiL-voll9Oj81b3PrB6sogDxoTeFd7SdVMvt0wHAPtj-iiboNd3Z0A==',b'gAAAAABnlLqPggOD0RS8VU01dhqH3Usqd_kelL8BBbgDE9zFk2QPibBuD2qvc0XKsWRXqtL-WlfkiMLYZbDR_52KXp0xaBugQTYxRmScHSe6htSdhDezT-OLFSpa3p4FMsm1EdRdqBP0',b'gAAAAABnlLqPNIhkOf3EDbfyyzw7xxLX7dhJDNSjQ4AJ_bEUBWjTaGGpI4UmrAOVFx59fdKeBGLjWNh6i5RYyzjELvuSkIMqcYDjhGVkP5qU-CwQTNfMgFo2SgdbjzwUEhPEdx4igem0',b'gAAAAABnlLqPPqfpw3us87IsnDm4uWPh3o_KQ9a3NgZzI2MHBL_GaLN5zTba9e4B7Gq5hFnD_t1D6Fdrc26LOYqyNvfgnbhvpboxQbYHG_0iiLi-L9H7SSx4qrfzfagI2TS4EQCadZgS'
task_37.hash_brown,3,37,b'gAAAAABnlLqP5MpRU4kGCgNqJ0HKvYnBSC3IGcTMA1HrkDfjEGkYAWo15R7kCJgJ1H8FenHmRAmfinbMy-aVBelRmflALC_S_g==',pending_list,b'gAAAAABnlLqPlKtJFhXPIpJmCY0g-CQwY29C7aWBX9U8l8i8sXnmuxHFWLmPBTZ9HDInw1VLi8T3RiMqL2avr669wGYkz6zICj6zW1ahOTKUbRwqqmaP2f-pYljq5ss9DcocaxQ7BD_gIckq3GcmezlBb2rZv85bQQ==',b'gAAAAABnlLqPV8ZkyKiiIHFNVDPRLSOlI4VzzDzqbzKCtXhiFktVjAPwi0vh_OBGVTyWEQZhnJqGaXrQFLiaTQFhgv0FeffBJA==',b'gAAAAABnlLqPY9wXI7ynAKspsNK6oYfdYikW5ZMS28KE6P89D_BM-WMoHiZks-H4OrOXQHu83li1U9uRX1v4HQrC3PY0sY5MkQ==',b'gAAAAABnlLqPB7q3FlkarW9f_qd914oJjMP-ovoJcBBA-gmiDDocOABW3UxJcSoVrEYKgpJYW9J_X_ESbPtSoCrzv_TA-3FHeA==',b'gAAAAABnlLqPKdkLLF2-Dl55A7U5IKJls-UUR6FxWbOYLcsnq-FK1hKdFBJ__7EKFP8o8pvcWGeyKOc7Gr_zm1CaCjFX7Rn3XA==',b'gAAAAABnlLqPGSnvbTeQjsoA8BOSF775uKqgA2zbX_Eh7WieDQE9RU0a60pbR8gYgd1JiyXc3Atd7q6d4KtkK-dlbWm1gzoLcG5zTr9ZJJ6ZZiwqY4Ube04SXtuTrqs-gqHzL8DShGME',b'gAAAAABnlLqPETfiSkK40_zm5O9Qmh9W2JINAvTIuIR1geZFOUdP4zCclCGgDeDAPedeyLWkAY8xSxB6u-y__hIyvQTP7YYN-b8KDMx3uYuWMVrYO2psPW30zgD_26g2nT6C3wwKdaqC',b'gAAAAABnlLqPdkmpyeT6sLCvr_CO0vDE9cb820ess48mxy5cFIm1Tjy8GwtF_51uhrMxu_ZniRFHYDn2k1mlS2FOmuYywMiUcy3tCqJs2W6CGez5yyU6Kkv4KWsHYah_3koMk11qwq8u'
task_38.hash_brown,3,38,b'gAAAAABnlLqP6mwkNtmmQNFYRXEQ3NPc2pOkYTvMIVYVOBufgqFdH51SC-jeItT1r5VkqXdoLdHeiYK1Oem4xUTkfSO_8JaOFQ==',pending_list,b'gAAAAABnlLqP4Yk0byqmV-lQP8jcCKAhBm8ID2xGOOJ6KVMaxeiRSSFxcF8-ds96jjyk8JEbPEDprK9XbtGqW6dJGU6KeRguniWMd2sGSBO0SMsX3XPALHmIR-OrcRvloaebkqIqISWD5gtwh9FMlLeHE_Xynq0yOQ==',b'gAAAAABnlLqPdzyUjIZq-At93bpPbjTVpetH4C2zZTpf8CJ52N6BBM9Ce5sQDe9NRklHml1fIkbPJpSd01rqdgxcDmkWu2XQJg==',b'gAAAAABnlLqPjdrMiDNYLnofHxQGjfTGNPGLhciwQhR-Vd9HRp71TcGBuHM95tdPaT_4XxSpPX1YCEcLyO5XSmebNmxPPfG-YQ==',b'gAAAAABnlLqPRYvldSc3oCZT4GYnys7ZjFJSo6GMLw4VKGnHCsQdeDCVYOE3Gq4Gz-DQSmyNy9hfiuVdYja2jkRj9si1_sFBhg==',b'gAAAAABnlLqPaJbHAWHehgdYvyL0qy4l_5LtBLiv5VJwJyG8WwygakasTDw36mNztfi0JVwwyDjwyW2r5YQ9vwCN9GbWCAr3nw==',b'gAAAAABnlLqPJh7REgd4VQFLhdXEdkiJ1jACYJTItuo2y8jnBISZsWrIT2yXf_ibdNgiRY6bK4NZ0Sns5QULZK1IY28fLFbyqXMMbED1Bzo8l8HalRA8klZ3xv2hP0uhfaVHJUIKi9UV',b'gAAAAABnlLqPQezLBsL3iCpUAZ48O6HVLQr79Cy6LYY-dfU8s6AmMpNrg6znTo3fESTs4mcaWA22GcfVu5ydPoDS4DqX1WsJUwWy2bG0F34TF3xSsBI52BPBcta69BoCZHHeniHl_a9n',b'gAAAAABnlLqPFZYfe79Z97snY50IzqxrF3MkpmKikVtfeGf5flHL20gIAa91reNqhZfIMnAJNkFp5yJ4yQ7Cku2c_Hm0pEJkaafc-hKQ0Ww3i5ddFOHMBmnP5fqKd0ya0ZLG9iTC3gG3'
task_39.hash_brown,3,39,b'gAAAAABnlLqPN4WSKs33vIZKfMFMlaSBpihddeCaMAV9pLUtcbhgA6G6Jc6MaufHOAYm7EkEFtFr494V3DgENwGDd-kfA1zdYw==',pending_list,b'gAAAAABnlLqPx3LvDQq3f_LgSTcPDwm4ZVJPBXBaO28vxkwPTzUQAYCZ2iMcfUjzUa56A4xX2Wv5c0AoNcbE5uB-TVODYowbo2PA2AzNSuLoZ1vyMufk83HRglaUZPFFs2buFAD_yCMzkASrZv4-Y1wqb0ARH8nblA==',b'gAAAAABnlLqPlyt5UCBLbyMpuWnqcLwWiyqJMhVMTn3tpgalFP4TGubu2sLZl6NbCSHJLkwE17EIgiMe_jh0ax9YbM2Aq7jc6Q==',b'gAAAAABnlLqPD_UJJjbl5SX6m4YnccH9qAv_NIofxcElPgyEGhKDS0eK1a81LFNFj7YWmOjhFZ_ILS_zC-O4FE2weYoOAgEz4w==',b'gAAAAABnlLqPm8GW3xtyZBgJhD2rnWi9OQWCyBC-6JlpGQNqAYqrREHC5y0EDT4vQussavT1CMGyG5YIyBxTCzKwAGvdWZ2ibQ==',b'gAAAAABnlLqP1o1-Rmt6wI-RYeBun1BAMRRIoSABXkP1S9k8fQVXYL5aGdg6JHpHfIPHFPFTpRsCEDvyv1EAL2ZGYWsLxsAMbg==',b'gAAAAABnlLqP0qQJVGAKtMWQ9-ut5XsXPyMsb-5daObKo71g6RTKRodnH8WQq9mIU04HwW7pF1j4TjlLlX2nwJ2efTRa81BsIziq8VIDzUQ_1E_Euwd3tFIh4BNrO6cG8Hy0IGKbMnod',b'gAAAAABnlLqPTyZzoasiyl6RhJqL4BOYWgfqr9Zs5-z4CyHmHC-bIvZmUuZVKJFpr4kgx02KzwYUqiumzVD-I3Wmv3AlZPRDsTyrW6JiDVRgWjGustenK0EHnyCWl03IIDXFzj836vwy',b'gAAAAABnlLqP1xRFKhYqueXtDDlsLR3-YxdlKHtnyJDk8dRnCMn_eXkBPPhaI0PUXFO4OimbNEQsQRpJ_2UIHeJXlJJFmcr7lWRbXJFu-Gcy94yLFvPd3VvuyeXF486vY-FNvK0LWU2N'
task_40.hash_brown,3,40,b'gAAAAABnlLqPlBSsmmeXcfuhZVxY296mxSCR3RHduOZ_HrA7AN2DTv_VC1Jqhvqh-sORAaHMdYHwIFLdTECFit4xgO_D3cDoEQ==',pending_list,b'gAAAAABnlLqPY8P5yi5JlTSSnp965AsWNfx_vaNwKRsjvrP-NN6j5gQc0Yc-uvO_c13LRR0ccDmoUTGOhey0TAX0pTwUG4pCBhYweZOof9dg4ALIvPuI80z1tSYtmOWuzsVEttCQvWrOg0kh4I3T5TtNWRqO9Xu2Cw==',b'gAAAAABnlLqPjYiKnJ75-WApWS4ld0D4Jutums9PkCv8uIAO5dDlK670mQJ2gfET99QLmHoeGYtI-vdo2hFlv0jXXC0U5qRDJw==',b'gAAAAABnlLqP7fQ-rxYSIA9fjp_8oS8OtnZ6IaKtpi6xKeNnjDArfHAgzhWADE2QcVcu67qAWieUgoBlEZg4QgSYVetRLVSs0w==',b'gAAAAABnlLqPMreg4mlaJXYcrigl1GboLqc-YsBNYnutgU_EB4KF851f0QxBnjR_B8WCDi8NXRMrt3rYJ8Vo86YkoUIiJc0AXw==',b'gAAAAABnlLqP_s5mfP6Lds2HXaDwCUqwsu-uVSnPcolKsvgPSO_ZUVGsvTyyMnlUBf-Ofoi3Mgbz9UPjZyr-WM6K_iSu2ZvfSw==',b'gAAAAABnlLqP-7rVjKvyggpGMg1cbdJJIgjRCtfh2ZL2ghj5TpGCiZ5HE24oTUXtYBWR6p8dWknqBc1ZxOz8ShxfTqS39_DloJiJBsY_OLrSRoxP9ZaY7GGO54YdCH7bK3zu86nrKVck',b'gAAAAABnlLqPV9LZ7RQs98ZCAHBHLcdGislsWPyYOKTWd3pFjmn-ftyLBYGy4tSYuAUwp1TnlRMo576mkYdksCd12VqQaSIqrqaN-cGkfsDDi-JRllRculLmfUPEDEw20ZaQjL17_fLX',b'gAAAAABnlLqPszgbf0zdV4eTvv3wihFTJCJc21JVQl8pastVUUl-lM2AqDdaNkTNLPId33rqGFkIOrXPfCAB65HEnab9fL5JCdD7K8iZ5NBmHOpcekUrZ9QzSPq7Vw-2AUMlC4bEFE5X'
task_41.hash_brown,3,41,b'gAAAAABnlLqPXXpt3MqWPNL4fOTKYo9UdytbQJ0n0MCQV402wcbHl_bhQkOxopcnmqwJ4pevgBKLlMOm2lC9ButqJ07fa1sH7g==',pending_list,b'gAAAAABnlLqP2GafRPizHLIysIkucgnC9YGwwOGuqVRyjDAk-P9r0h-LcmZ-ew2nK5uuykK4xpP5raKv_Mu2k8GBHy5b2hvr6fMNsxNR0CVPzhMUeIj0zqO70UnCD3BV6yemT9AGACkbmtGgZFuHo213LYJf1MHOTg==',b'gAAAAABnlLqPHSeWozbZpuP5Nz49a1p3NKlwOg6g1BpuGeSkSWVsq-P_IikiY6opmbL0UYg8x-C9V5SwdO2nixoamn0NiNrmlQ==',b'gAAAAABnlLqP2e3lQywYdWcBRuvZQF3O2Np0y9onigyxLpMfxEA3IjebqPuCzKP2UqHcKxIqCZYBgTNgIgIEapfg4oZt1sTYog==',b'gAAAAABnlLqP3wCIu76DNFCBig3h2YLHezmfw4utLmEzlsheRqyfKlMnv-g-VWpZzmY1eHPfBowoBVS6d3N1ZUugsVrXqdq22Q==',b'gAAAAABnlLqPTImxNJkFQtiRo5lSZNGlBu7AUaDm2CY77eymL2jn4dhXHUyrJfOfZIviBz64kwFmOmk0Kq9Y20hEvzsdAX-m3g==',b'gAAAAABnlLqPd2kh8ouPd_vOALf5xsGDiM4U6H8Wo_dBMyHpxNKOwuKoyH5G9YA3RMfC9JWOIvy1P7aCi3KTP0lTBDDNK4ZPXSTxEVtDXOl8l0qcSRHaUfUe1KtDzp2n_k3s5LFAZnps',b'gAAAAABnlLqPG--Sz9d6msvbAh9lJIKjMzGOB9HUH14R41PspEmrmSQhCa1WNo5riSrAosabnjop4ItMf6lO67Tgyvj8jX-xzAVJYJaLLVyeokdafe9LB6Jc_8MIXY0BUywbpWFQWF6p',b'gAAAAABnlLqPJAPavru1ep6ftN65SyjTOlKP_zVp7kXct3uV_oyPZ_3MA4l1XXJVmjzCPmNDbBZSlr5qWBW7QIuX1IGp5VKChkZyzqzegdDZgTgR9WrQcY8dUVZ6L-ppY2wl2d2mpA4f'
task_42.hash_brown,3,42,b'gAAAAABnlLqP8IGCssIA0mna59pnQbndszHe8je1DavLdL2SgjQOVJQ9dCOsvQ6oYJs3QHeN76rW6P4LcgqGwmzrCNCooSo9OAR3-fHUzn_S03MOwoNZlAw=',pending_list,b'gAAAAABnlLqPbczF59A6nettb1gQgtsEGRfMYzQ7LzaboGtc67BjTJOpYAV_JhjdWe1x4k7NVH-WsRDBLXYgtbjTNPMZqF8Euma7xoMLM5r4hy3EWoVYPLkISyRTHgvb9GtDCcXrxO8xmg0gThpYt45N1XfkAGBXWzdaWSNP0QiPRXIfDsW6d9X9LhgXiHv5rBvMSFXsS2ecrWxLexyq8nByEsZVCB3WGB5jSHvkf1S0d2QAum44RFY=',b'gAAAAABnlLqPGS4ZhfdRk6nTOK4XRlOCEXLc3Os3h3CPQrda6AwuyzzpmR2fZfNZQLekQFUmxM5CeRZ7f0_LIDAtY3_4lYLyGg==',b'gAAAAABnlLqPe415133BdN7mvQohtoqezjoV27WFsRTy8-o6ToBbqOlVQf0spWE6xJGSZdgFI7NxvzgcGZX_pzg--E43tf7JVQ==',b'gAAAAABnlLqPXvMW_q-VyerU_saDFLXzUxfLTBMHs4orhMM9-IUNbj-RUrU-l4aKKZQEq81DdrD6HuRpxrhcYmxZfCzD2ESrug==',b'gAAAAABnlLqPv61eoI-dJ0O-J179yPwX_Ehw4b0QSbzFDgmGbjG8TEUw58ki3hfymzLhMdqd_rGH5G6eQL6sr9HmSQPMFSYzcQ==',b'gAAAAABnlLqPHFFRunxqdlpaqs6PT8ffePCJ6u3f8GygtuPwZWhAfEAV8X1KqKNQIIXJD1M44iuZdlbw0596T9-Cq43IQaW2wt7J8kXfNWCvCwxNY_8fyTa_mQNShYLM9WbGV7k3sTss',b'gAAAAABnlLqPWXJzvdLqSjlCuUq4QUAA6evP5eHSdVfWxOmqikXOm1AkyonfhOjlbrrJDOu7XKIU14cYnDtGEC3rKrrzRb7W0KihNyIvnH5vy_zjX58cikxgOiBhGL6yiHlUyjHI0TY-',b'gAAAAABnlLqPcqpzarzAMI2S4bNn-ILd9c0V4Kw1HnIjOmO6P17ZH7uQS1Y1rYGg3gGOiFw9_f44REtM6nBDH977GxK3I9eoAsmrjG9ZKdmvgDe_QRMLhqlNbZIIicF6jggRKAQFj1n_'
task_43.hash_brown,3,43,b'gAAAAABnlLvp5dXg2fI0cuvxtuCQ0ATUsBXd6rBXrjxI7RF5h4IsQEHC4bc70O2qecjC5juck_lkRb9Z3SuGrJLV-9AVTjhIIKuAQFmi9Fwhb2crWL1GYdc=',pending_list,b'gAAAAABnlLvpJgcURny-qJdgABiD8txhzG4jXnTx-iSZ9gu5BblcMC8WxEi7932GpCK6s0RrC6MfNB55re4yNFvegwKANgz5MQ==',b'gAAAAABnlLvp3NrDmvARIWEA86icRtFHKeWftItZHeGP9U1LiRDCHg6t_ecnJmaGIk7sEv6Fx_XHW37XTSiL0-DyNmshzO3wSg==',b'gAAAAABnlLvplB_0wCYqRg9lHRSaSHUXL5Sj4dH2jnL9nrYLhlnCwp0-w4Bil6Y4LHfdBSYNtESmRtZYZ5EZN46w9Gfcl9lZ7Q==',b'gAAAAABnlLvp2PEPToZix_02VuOHqaQGiZas6rfvOivtCnIqyaxh0fYXH38GNKl3ou0PQ39QfG1bRxQPntGnYsWYC7P4K18dWg==',b'gAAAAABnlLvpbyxaK5fAOUnMhEATnOFSycpCHcFKPaCnn-a8sLrDKwu5gQUL9O_IFzCblhAd-LKmPMn5Hlu5qYh7XOLo929-Wg==',b'gAAAAABnlLvpB16Q7OQrVDVhG-klnEr0OWoYiC-qlORWpPh9GGed2JpB_fYX5IUSa1ZzVmn1FpLhtfkYb5yT2alLXU5daKn8QC1syrsnCiBDq8blxECMv_STPpn7EIy_mY0trVcFzFbr',b'gAAAAABnlLvpLB-Lx3jf_5bc7ObtwneYHFVcxPS4ojXnMDUve9iTSrgiHOkefkXiIig6Mwm__2H5Jox16oX2TxzQaD283xg-0EJA-dXooS5jjBdWJiV8V6WFKgoAuqf213BpBSFnXGrd',b'gAAAAABnlLvp1KmaWvZV7XsfDT9zY0_nO9Bbvh3Zmc4WS-Bd3JYZF1W_5DC0R2MHgUVjode7Qq3mtvwcyDKmkueV-FwmYpn0GUEIFPWy_Lb9mbY4qNdgDVYDwr2CH9aZIbZU8j_3paKd'
task_44.hash_brown,3,44,b'gAAAAABnlLvp_pTrSvy3Dzlz4BRRxZDHXVfpQRT9yCzV4pjQRjuJ9zZKHWQ8Fc3ZBuFrTzUeS7z665Oa68M626eoyZIJOX5CsBPKgHxxscCmkqDUGsKmQiU=',pending_list,b'gAAAAABnlLvpPgogtcVZTOEcxQhgF9Ecwm0qFUHEYokJFqwf8rpXdHoRjOLMZYCGpJrCe_P6b2OHBs41eEiNqDfg6UoMfglaKw==',b'gAAAAABnlLvp7FECEQSa7aJXF87qz3i_ybqE9Nane18hkPa7-QVkVEkx0m3jEIb3GgMSl7Je28QyRvyY6XKFIX99TXFU0PyhGA==',b'gAAAAABnlLvpaH6nS_fHEvRjnY8tS3rYvRxICZzBXppQGoe9IklIlcSp97WSBYKnpyC66I-Q9KtXVCoNjQP8YSztji3QZgnkCg==',b'gAAAAABnlLvpLnduoUKqyfDgOhsZ2_zMSulM4MrfyICbU-YcPWRKyu0JC8fJRqaOUBjZxBM-K_EA0-RhPJxHn1gWrlK6lo-kOg==',b'gAAAAABnlLvpHh5BKzrRaT9Wl_bqPMaJg_e-Ap6aJCNOypvTlLYs2IVWGnMTzzPc0HnqCaSTTO_zSWWtlzc7lz2YGBA54wotLg==',b'gAAAAABnlLvppiy3kBAHyo1XibbHYQXKxbkC_VJuv_myBXgxk4HuomuLMYSPlyXaR8mL1vE2CgAqWjwU26OyMkUMIT-6-hjWuOmrzrueC_wsCDMuM8paenqayAulkgv87fvFDboA2AOl',b'gAAAAABnlLvpaLbjHCZJj16mo3wSEvMVHR0bOOyLTqD6LbhinX95QwfqSqhzlR-O_pEF25zlCCpZ3dN1nJ1LF0NhJ8zTJSS-ouI1NCpUx5dEIXB4LIQQgPojNfhiZBK-cbJzG6MuXdi4',b'gAAAAABnlLvpPnyqZM8ZiQWsId7NlPe-cWkKLOpvp5sQ-25E7oj3DxucDyG9Pv0c1e5bTpaTjoEac0_4fvbvhriTbECNFieneUMVDf5cTefR65KRRVLxU9bGEjpYsrUpdARvcOaKkqIG'
task_45.hash_brown,3,45,b'gAAAAABnlLvpzdN-yhAPYHNoyxqyYAMrkd56Mco3lNkg8gQhJR6gt-bCEw_MdrkwVhibwhfaq91ehTSd_vqovUQstHt9Sdi4VzByKV0eZ8KbgowiRZRyyI4=',pending_list,b'gAAAAABnlLvpYzOyJxeG8NDUCqcsJIQmM3SnTnc5sard8VE7_SxJVyu_9Do3UZ0d22_LPTd5rtDJ06CXvhC7vf7sUWfCHb7oeA==',b'gAAAAABnlLvp5oaF6pUZ_j5LaMVzL6u33kDtXsQxd3ZFQhM7ItX-SQScMKHy0-fpGCng0pJJyKUmA7-lqPgG73P75OoGRB6Uuw==',b'gAAAAABnlLvpvkw9o4VbaAR-O8wwQD1Fn9pbL_2dOPYxN_gg-Htc8oLoKHux-GfkA3fT21sgUm9nei3r1ROMKtaTfQwAki73bQ==',b'gAAAAABnlLvpY1mbQk6xek4RgNDxzEkQiD2JIcbOhtzwZBm2ohCYb5BmsNnhLzhKAlkT0D8DeS_AfWx3q7jNXKK_rI5kXr9bhw==',b'gAAAAABnlLvpBRNX1mqDRw3rN44ThXsrohV5GkQVZVsbIYemGaTRzaWHOigb9IrHK58JKa0QeL-0WPtI1_eGxQYugJoktTpyAQ==',b'gAAAAABnlLvpTvLX7rxuIeuD43voB5vU-ViOwIZgP7X1dpCUssnqLwdzABW3w2Jbf95yBMbOBXsIejddTjtYrRgpxB8NHjEsMnp-CVzv57F_8fSGez_gkbe2igwezYCNO3vqT_7JtMte',b'gAAAAABnlLvpZkV454kyGY6_G5QCaBaA5GBXWLRoSnmWbiyn9W7PrdRjEriHfKEZJPneSB4sCFlvQL4XrDdjzctzWYtzgHwJ9VA6dDRY3yLoy6QDUR0tSkc-qOB3oM31nH4wufWkY0hH',b'gAAAAABnlLvp489vrsrlqlm_xeuI9lN27GKjrLcbFh5K2OtEkTc0PdKFVOSvLvv9pDxBcuNoKv_fEa_3RGA22DUsK9OPxBDSkB_jaIQaO6RpdwdqDjVfQqkMyDYlfiC_JS0K0bD0KZtH'
task_46.hash_brown,3,46,b'gAAAAABnlLvpsp-f4uqtnfWvj5bjYxzR4he6AL2Y4ZD1zjn0I-0HvxX7_llnmt1sVhDzFv3dBn2XGtGvPjiFE0mjerJNZ3s4SQCPh6bMZQX76Ov4LmJ_CUx_khN4CNz6WAtfUvWye6h4',pending_list,b'gAAAAABnlLvpfeDAculikRKgGBmdHfD2aacZ0pDtuTgm9XazgQHwiX-_fGzfC8jUFre7SLdz3wMrdVPFTWps1h0s7EZ23vscnw==',b'gAAAAABnlLvpT3YWCaTibuHiFp3uTGrUR3JFYU7D0MIfgcUbdKfvCx6tiGawaUwU62C3ynMbFeD14lgPP4QnIfewuSOSLIRIMQ==',b'gAAAAABnlLvp1lS3j_uEmCvCFsIwYyJJe0YF98z3Nj2_nLLYHpWEZfvCpEc4gZa445tJF1xnzvab1w8MfAC3qYsFJFVdR3fb3Q==',b'gAAAAABnlLvpJ1eOUc1Paq1QQvkE_frO5CMFCB4qRdKCxaP931HZd_SZtrs1Hj-r8HRmOi3wsvmoqqssCjvh3QaMRRd1qa9XzQ==',b'gAAAAABnlLvpHJiIi6Ap5E7JqsJxmRaUihldt_RUbZpUjMTlbIP9t4sEn-9NhohPlskCqJ4-Vj4upAYJe5GKpt6LjrnRiB8J-g==',b'gAAAAABnlLvpZPqjyI_Pa1smEVicCdWXeE6D8RRq3gyUvl5JJMsr1D8QBT7eCxpndsNulnbZDgBCQXSK3-jyW0mq-qQSjimvJ8ttyK84ggxtFYcWAajTGPoEPcz6DkFcACTIy3yHoKXx',b'gAAAAABnlLvpauNZX0YpkPCqSEjt09ibPnBsbuFvLfIcBb7MyKLMP0g207Otb0sERCsp_dI6oNGLIDf7sP1tQEeNUu9cstz-lNgPCJDjcBAERoSNQxQnXI6G9wK1RvRdLakXj_cUguHs',b'gAAAAABnlLvp_7CQN83hErL1pu2lBCtk4JaG9mPOR3xqC0kqgCgJBddqaKaxEVO7Qn7FpBS4z9VB7dXf1GCvjV3jRIM0ZKqMkqqbHI3PxAxUfFqSQGJkQm7N1SJPV9S4WpDILSnSTKsw'
task_47.hash_brown,3,47,b'gAAAAABnlMsmvR2LeaYqIk9w7mkiqqbNDpQ0YOS8Ixwooe6yelBikCct7P6TtjMzD6SC7GIb-YD2Ip9GJAwGyg0jzGImUgrBca8vsa2SjG0oV907XpLQMlQ=',pending_list,b'gAAAAABnlMsmKIJUAgVcBFcCspNXulc5MJP8CTanDsvKyeA-cAq9JiGOQ2HmlQE1Dp4GNspopptkck8WvtHw9kgdUw4APk5ftg==',b'gAAAAABnlMsmhX-DxBETS0hZMzotWEEQi4G9lAqm6Lbs1e_FRFJHgOrmZaEbje7scimm7Uxpf9vz1b3l0q0T0nb_mdBkjjbVRQ==',b'gAAAAABnlMsmf6OegBKvEqTq1-87pIFAK1IXNGggTbOr08yde9WIgwiMKBZD8gZ2YrrV4K9s94w1Qf-nkZnjjl_r2DOJ_BdLmg==',b'gAAAAABnlMsmi3eFu_IrkuhCIyRbOzFtZC63_1djQQQUNwiYqsFUJiCGRxh1t-scYesk3xBjLxKHL96QtdOg5DS5fQZiyJUfmQ==',b'gAAAAABnlMsmaW8_R1X_CZVDJHGNid3NIXb7gGSA76eTVBp2VVpezDmCkzNaoXRRZEtcQ8VnnV9md7_7czQX3uuOrMG4HiWAcw==',b'gAAAAABnlMsmlkc7BGiRCoYMqLIsh-V3X-0mPx_oMib74HXcrlf995woECFU2h7gDhDEYpLnB7lVVQG57Lt9Ks0hKBqt1NDsjTa9VFfkF75aFOm-n8lZmKU1k-9VNyGNcilkcoN1uGJf',b'gAAAAABnlMsm5aAKTD25fnxS664hSrbiKH8LZ6B7UBUcAH-42sHosvtZzU61bXCWJCRs06R_qWocSKvY2LpUqSSmqNjrlN_U56SNNc5PBxCC5w0tVzOnXYU1tqVM6INtknhgRfOuyQs4',b'gAAAAABnlMsmVe3IOc7iwexy70820qdeOf9mpQfwF1BsML9ZlucG-i8jfP8QUGgrgHhAc3CrutEn-ifP1-PMVafRGPl2Hv--exjZeD3FSDQq7Lj8eJDtxeIwEntnHh33zM1LTXsYceZH'
task_48.hash_brown,3,48,b'gAAAAABnlMvhiM5mJ-CsXE3G_PHnpaeSCaQMH_oBUDogWVceis1k_oNRzhcKzA63tHlGF9ouaA-xt1ystxqJLegCi0mfKyyoSEfBHUzzz7OPTsY5SsMDeIgj2eLCuEfTBpsxgYIo2pwp',pending_list,b'gAAAAABnlMvhWJpu-5hOzLqfsRPbhjsa0yIRTVqF7uNKM-hJa8vV6RRv9azaCqNom_hIJxyALZu3Plu_hGJ5upe5DOWhp1WwPin5uSG1XEawuZ55rOJgj0FRZ1y5Qc2Q1OUPBLeGcF2x0hCp0DKP5DFT3-MAVk-a9mVrrK2vzCuzRVixErsoz0kspxQek8idvdyIoNFlxVZaUTafDz6QpkSMPX8ETTRu9xocrKT2J07XxQCZZw6OUh7ZCWj1TfYc3gbPq6Bef3Fl5Orewct3Kjp9gLQ9W_jFApGYrP1Hz7iAWrikSBzoel0=',b'gAAAAABnlMvhtBwWM8nHELbXSCcGbuZ6FIH9FOABZsIKJ0b10w20-NxxTYRr2Y9D9uhkgddhhkMO4aPYPDjkg8bfuxKFTQSJyA==',b'gAAAAABnlMvhZ-LEFtBRXZPgY9DUUZHKcoRPFIzGiZCTEFRzmlKCzdXvqrfTKRlSvLQ5H7xX-AIi3eHcX5rjoNR1CFAhrWJpkQ==',b'gAAAAABnlMvhJ7va-Jyk6mX65v6nEttXTvymNouIrrqr_K6HEAqiGIpdurT8RgrH0jsYitGwhVA1NsqkYyAKYtmah5BagZrlHg==',b'gAAAAABnlMvhXyRPuypnkD2mKObBDgcX4V_YrMHVUJWZ4Qid8OT8Q4ks3yDbmuGXoCy_7ya0cNpLjBJ7D7nblobJXkZ1RmNw4g==',b'gAAAAABnlMvhPJG0IFKlb9fesq-YzOBPsndDyHdhR3-4dI5Ktt7IRLIzeSXy0H2uVYp_X6lmFRS4MMU9-BO_2dlGaTvPh61949Jc1Ot8XR44Pr7YulstziBb_bSQ6hhG_OCTyIyTwy39',b'gAAAAABnlMvhdjB3_Lte9fTNkIo6-UTe5y9kDF3jiy3K4Bee11FO8RUeCTcnc8QhsOs5NuwImWFj-zuHQVwDo1BltjwTIIE5Ucd_e-xhyvLU07wK9xVx4LF6dTnaCXtrUB847P-D-byK',b'gAAAAABnlMvhG1VaYMIeVRvMSYt26gb6XkHMFFtrQPlkGfanvrEVk4dG0yrd_wIluSwPXDULJ11Ri7yu3YAOBPJKt5VJbBmV_UTft_hanu24sqhYNETn7tOXMvFcqyjVrYC5JflBXKG8'
task_49.hash_brown,3,49,b'gAAAAABnlMvhHXaC6fK7EuMGXOLdnAjHj7jaerIpPbs6vpFXg1LzfjUh1rQeZIWhxvBD8hJySeIMQEeBDIaaVFZrEWkacnaryg==',pending_list,b'gAAAAABnlMvhEqsfI6UBR85yb_yx5KYvy4CVePSTjEsttdhIAw0SyGBeHEHg-QELnbXOuO_9WvM9-aJpM1ST8XAvQNkN-vpAGiMe6gpHpilUdB5Ril41GXsRt8tTuMfiZx3vwuqrjFBN74gaTQDgzaTwZceWRrMN8bysap8l8maDJUm6YN68g8A=',b'gAAAAABnlMvhjYJ2eA323wzmD7HCoddJAXtgto3etz2lmAZFd2gg_XhZ95uT3tM0C1vC2-J5KBDuUSm_ktoIugL_3U-kvbwtTg==',b'gAAAAABnlMvhdtRLDAhUN9cI50L-bHMlJDVWUr7jaV--MhVoKTZVaq7Mj-0HLDvhfd9KOwj62g4hVQID7fUYq6LSe_HbaBPXaQ==',b'gAAAAABnlMvhktP18rZxiarfWnQID8-KTEYjmGDPXAGbjjiRlttP54Sci5HDJ1dRNLoreKWyqI4FL_Ot1el0CZmeMo94u9F-uQ==',b'gAAAAABnlMvh4bD9zudK4Fr0JX5LqaSle0ujGST80i5rkef22hGWLe-npRRJD-B9f3L1RtbQaLBMmFQrXLaE_GirS_KHs4pltA==',b'gAAAAABnlMvhtUqFkAYEcvvBVTEW7NlOYiI9lgztmBf_FOupqycYAFjo3zwWrE6JRhYTtKlKlhrYMhM0oTyetUElqe6E_onRsbfZKm4-vyK6gofEw02hoMnVvJ6h6NVWD7j2_HT-NvxL',b'gAAAAABnlMvhnw_C6_1KQYs0C7YBB8g1KLUgqoUexHjdINY9N7Yx08neT_9Cv_UnKhreOkwWF_MzHyIhVwA4X90fqC8mr6gEhKmToaCu5m33FJXMIvBt6zoQGBwu65s-U-TEp_x3K_v7',b'gAAAAABnlMvhd648spc9UJxGBGgtDX__rH-eqOdbF7sV2RBEklEL9l5Zfi6xPSUfSD1yFmscgHQxwm20MbIrBvrnnqteicv-JI1bu0w9S2R_seag_TQw8V4hrX4CZiRMgjArsFXf-wNR'
task_50.hash_brown,3,50,b'gAAAAABnlMvhUykKsPvvHV24vnKspgG3Mrdb9ugtRpwXXttOVGD_yxTAHuYUMDjUhUjG5fqgQZIQjH-i0z8eEKLJfJMQa4Vkjw==',pending_list,b'gAAAAABnlMvhx7YXFdmjhkCXy5Lvt0jmBdR3o51R0xdZ9xQqEHxPF8tpHpcw8B55b_Hb65ibbXoHV3tHkAjDz69OmjYRtrbLfQ==',b'gAAAAABnlMvhPxQxBKXOIobnGNWEjHXyuQYmInSoDaF-FN61c5ZqVloJUeJNijTIlCAmWpXmS7DXPsexs4cLQ3i5vusBeUm1Qg==',b'gAAAAABnlMvh5Tqn0cAfFWe8H7Xyg9xOIhH9gL7cJTgUM69HHuTSJ5nfL1T6r3wjx6DquG9JLDqbvs11MzW7RwxK_QR5U7sSsQ==',b'gAAAAABnlMvhqcn6JdboBTJBiyn537HGV92Koeyd_xomWcsAvk_ufGL1mmEl6aIcVQJ3hCoSe0Yd3AXNQmJb8hHoYxnbHPdDJA==',b'gAAAAABnlMvh985OiVYWJS9mZ_XVZTAORaMT2SAUiMtRyYw9j74jqeNjxJ1mETWa_syDDr1xtMbfoN1boHctNVQy6LdqsJo6cw==',b'gAAAAABnlMvhg446Kikyv2rTrCr7eriEmRMGxeOEEB3XBvPBgUG6RwmI9ufW-JofHm-1x8JJue4bqslO198jSm-HWPY2WwCu5TqOVVpJS3joqg6eDOO20N6kde4ha0cLkdv4uvPyqi1b',b'gAAAAABnlMvhcr9W8psz2YFAwcP3lnOq6FP6C90AQuQaJ3JPJNAav03syXjcCuHZYmAOxf1ynqZreIrczNMmg3SvP9KMdklq85YWFUxKSKRfo5t75biqWVvWMotxcV9ksewEvEgoqzwn',b'gAAAAABnlMvh5D_cFOKBTkpvqQjBtc4iBuuQZYzHDOjqcHSm2a6EtcQCtfRylvXldNWFzXnn2-U7Er2Nb-eCK3Z_WfLWjQBmMgotrzqtvdJZehV-FH0TDStDJIYMEoCuSKkt1_1nhp_G'
task_51.hash_brown,3,51,b'gAAAAABnlMvhAkP4hfjDXLw2EtIQH65gkA8bm8RoAIlHR6zOQ57eabm54zne4NiW58b2By0NKE4YB0qb1HkLA34uqDqcTdI69w==',pending_list,b'gAAAAABnlMvhQ8KA8iT64Emn17W7HLs_Jl0OXiUb2pzTf-BBorD236R7UtqEsPR_3-Ip2JBcyTo0uSt0ECxxF8qiZJ7LAWQ7-Q==',b'gAAAAABnlMvh8XymX41OSwsKj1UGZ0f9_g7EugPDAjGm1AwE_vc68m0w5YWR5ox6aaIod4-YP2Rr9QAIAmP8YN1eDJw6mGouYg==',b'gAAAAABnlMvh1vbiscYqqnMVwbVXAgS6ZWlpCOascjqw2oHn9heXdms3bT1PpmwgEtvB76dFcFSSGxb1bh7d30ovoW4mxhHlzg==',b'gAAAAABnlMvhY_LYs4ChBskkoRwWQHUSEdvKSk3kjJ2ShDNfgQQ1YwzR0QhoOiNdAldn_s-jnXgnUGA9M2Hf4AriZDbe6hR6Zg==',b'gAAAAABnlMvhninctzOQlw1McnY4ys_z6yHg8NZEYb4h2pnF1UGijgir8H6ZDQBHofRy-8mFjCDwGBND1z7dJxG-XWsrrhdu-g==',b'gAAAAABnlMvh9fMNgkBgVfd1PVg4FRjtWN5hEia1KfZPuEBXuleUCep367yUqCMpMaaRve6m8b8KoT6TSKqVdWBRAUQ1IaS_Dr9U-v8ertWZtGwC-e2N_QA=',b'gAAAAABnlMvhpbppSICA6hDZ5bTn3V4IAUD3vI_FQZ3lZ_JD-yHoX7veDg4Q6kNW8rBeVIntkBXrm50Y1pqe1HzbfQeeC1OaOpSGIrr36FzuAUq5UZqv2jU=',b'gAAAAABnlMvhLMNz8AZi1vgCLGslqqI4RVVuX0ujMhH1qVFeZ7YPwnjDsYfk4G0ZNMZeC17pijrR_3U9O-rC-s_Cuz4eXp4aDJEyVsH9TUbBobnPIZbQoeE='
